TransactionID,SaleDate,CustomerID,ProductID,StoreID,CampaignID,SaleAmount,BonusPoints_Num,PaymentType_Cat
1,5/4/2025,1034,2059,402,0.0,2048.2,150,Online
2,5/4/2025,1066,2048,403,1.0,321.87,30,Debit
3,5/4/2025,1116,2041,403,3.0,3216.84,20,Online
4,5/4/2025,1071,2096,404,2.0,1613.23,60,Debit
5,5/4/2025,1020,2060,401,0.0,408.38,170,Online
6,5/4/2025,1089,2028,401,0.0,1275.88,110,Cash
7,5/4/2025,1193,2003,402,1.0,346.66,20,Online
8,5/4/2025,1005,2079,402,1.0,855.49,130,Online
9,5/4/2025,1032,2060,401,1.0,735.08,20,Online
10,5/4/2025,1119,2089,403,2.0,661.63,130,Online
11,5/4/2025,1042,2077,401,,505.65,190,Online
12,5/4/2025,1079,2013,401,2.0,0,30,Cash
13,5/4/2025,1147,2086,404,3.0,4470.5,150,Debit
14,5/4/2025,1183,2025,401,1.0,503.32,10,Online
15,5/4/2025,1026,2089,403,0.0,413.52,130,Cash
16,5/4/2025,1144,2005,403,3.0,1715.12,110,Credit
17,5/4/2025,1169,2047,401,2.0,535.97,60,Online
18,5/4/2025,1003,2053,404,0.0,3660.9,160,Online
19,5/4/2025,1110,2046,404,1.0,30.09,80,Credit
20,5/4/2025,1111,2022,403,3.0,671.18,20,Debit
21,5/4/2025,1119,2055,403,2.0,?,100,Credit
22,5/4/2025,1062,2011,403,3.0,1229.22,130,Cash
23,5/4/2025,1062,2096,404,3.0,672.18,130,Online
24,5/4/2025,1086,2003,404,2.0,924.43,160,Credit
25,5/4/2025,1046,2062,402,2.0,1981.95,170,Cash
26,5/4/2025,1066,2043,403,2.0,698.76,150,Online
27,5/4/2025,1142,2001,402,0.0,1237.05,60,Cash
28,5/4/2025,1061,2092,404,3.0,482.21,170,Online
29,5/4/2025,1142,2097,402,3.0,4210.5,70,Debit
30,5/4/2025,1165,2091,404,3.0,4528.95,10,Cash
31,2023-13-01,1004,2011,403,1.0,737.53,50,Cash
32,5/4/2025,1103,2088,402,2.0,0,180,Debit
33,5/4/2025,1169,2074,403,3.0,0,180,Cash
34,5/4/2025,1141,2067,403,3.0,872.85,130,Debit
35,5/4/2025,1190,2070,403,2.0,54.69,30,Debit
36,5/4/2025,1179,2058,403,2.0,1066.8,10,Online
37,5/4/2025,1064,2029,401,1.0,12.16,80,Online
38,5/4/2025,1080,2015,402,1.0,3037.36,50,Debit
39,5/4/2025,1055,2094,404,2.0,1578.72,190,Cash
40,5/4/2025,1185,2075,403,0.0,0,90,Credit
41,5/4/2025,9999,2037,402,2.0,288.11,70,Debit
42,5/4/2025,1045,2038,401,1.0,1667.72,80,Debit
43,5/4/2025,1070,2005,401,2.0,686.05,50,Online
44,5/4/2025,1178,2016,404,0.0,0,120,Debit
45,5/4/2025,1003,2073,403,3.0,1498.29,140,Cash
46,5/4/2025,1122,2056,403,1.0,944.5,20,Credit
47,5/4/2025,1013,2032,404,0.0,2836.8,30,Credit
48,5/4/2025,1016,2051,404,0.0,117.32,170,Debit
49,5/4/2025,1147,2080,401,1.0,0,110,Online
50,5/4/2025,1038,2072,403,0.0,840.6,150,Online
51,5/4/2025,1063,2015,404,1.0,1214.95,100,Credit
52,5/4/2025,1198,2066,404,3.0,516.06,40,Cash
53,5/4/2025,1113,2038,404,2.0,2223.62,60,Credit
54,5/4/2025,1145,2079,401,0.0,1901.08,30,Online
55,5/4/2025,1195,2026,402,2.0,507.74,110,Online
56,5/4/2025,1169,2010,402,1.0,140.11,170,Credit
57,5/4/2025,1044,2070,401,1.0,0,70,Credit
58,5/4/2025,1000,2052,404,3.0,2193.78,110,Cash
59,5/4/2025,1074,2004,402,2.0,741.8,20,Credit
60,5/4/2025,1180,2036,404,0.0,217.98,190,Credit
61,5/4/2025,1175,2029,403,1.0,36.48,50,Credit
62,5/4/2025,1108,2014,402,1.0,221.67,130,Debit
63,5/4/2025,1068,2018,401,0.0,2169.04,160,Cash
64,5/4/2025,1042,2039,403,3.0,2929.32,70,Debit
65,5/4/2025,1031,2059,403,3.0,0,180,Cash
66,5/4/2025,1069,2064,404,3.0,1470.2,10,Online
67,5/4/2025,1020,2076,401,3.0,4836.42,0,Cash
68,5/4/2025,1188,2041,403,0.0,1608.42,90,Credit
69,5/4/2025,1023,2029,401,2.0,0,20,Online
70,5/4/2025,1147,2005,402,3.0,0,50,Credit
71,5/4/2025,1132,2083,404,2.0,614.53,0,Online
72,5/4/2025,1046,2074,404,3.0,659.5,190,Cash
73,5/4/2025,1023,2060,403,3.0,1225.14,30,Online
74,5/4/2025,1085,2041,401,1.0,1447.58,0,Credit
75,5/4/2025,1084,2052,404,2.0,2925.04,120,Credit
76,5/4/2025,1169,2051,401,3.0,117.32,10,Cash
77,5/4/2025,1022,2040,403,2.0,55.26,150,Credit
78,5/4/2025,1029,2098,404,0.0,3631.44,30,Cash
79,5/4/2025,1168,2069,404,3.0,232.39,170,Debit
80,5/4/2025,1013,2024,403,3.0,372.81,190,Debit
81,5/4/2025,1160,2056,401,1.0,472.25,190,Cash
82,5/4/2025,1068,2070,402,2.0,109.38,0,Cash
83,5/4/2025,1112,2089,404,0.0,2067.6,40,Debit
84,5/4/2025,1007,2080,402,1.0,1498.07,170,Debit
85,5/4/2025,1079,2070,401,3.0,34.18,130,Online
86,5/4/2025,1023,2028,401,3.0,2551.76,120,Debit
87,5/4/2025,1030,2082,402,3.0,799.8,50,Online
88,5/4/2025,1183,2037,403,3.0,2160.84,140,Cash
89,5/4/2025,1123,2060,402,3.0,2450.28,120,Debit
90,5/4/2025,1141,2018,404,1.0,2440.17,70,Cash
91,5/4/2025,1153,2065,402,0.0,470.34,30,Credit
92,5/4/2025,1070,2098,404,2.0,0,40,Credit
93,5/4/2025,1129,2034,401,2.0,108.94,90,Debit
94,5/4/2025,1185,2038,404,1.0,1667.72,120,Debit
95,5/4/2025,1114,2068,404,2.0,656.19,0,Credit
96,5/4/2025,1085,2070,404,3.0,0,60,Debit
97,5/4/2025,1082,2024,402,3.0,372.81,160,Credit
98,5/4/2025,1059,2099,404,0.0,1292.64,100,Debit
99,5/4/2025,1081,2095,404,3.0,490.79,80,Online
100,5/4/2025,1098,2084,402,3.0,0,0,Credit
101,5/4/2025,1009,2016,403,0.0,969.06,170,Cash
102,5/4/2025,1112,2012,404,0.0,1869.57,140,Cash
103,5/4/2025,1184,2018,404,1.0,488.03,180,Credit
104,5/4/2025,1019,2060,403,2.0,0,0,Online
105,5/4/2025,1159,2088,404,0.0,0,190,Online
106,5/4/2025,1084,2086,404,2.0,2861.12,20,Online
107,5/4/2025,1160,2091,404,0.0,905.79,0,Debit
108,5/4/2025,1158,2008,402,2.0,159.82,170,Cash
109,5/4/2025,1058,2095,401,3.0,2453.95,50,Debit
110,5/4/2025,1025,2097,401,3.0,842.1,20,Online
111,5/4/2025,1042,2088,403,0.0,709.35,80,Debit
112,5/4/2025,1011,2041,401,2.0,0,130,Online
113,5/4/2025,1091,2047,404,1.0,0,60,Debit
114,5/4/2025,1062,2067,404,1.0,0,130,Cash
115,5/4/2025,1043,2022,401,3.0,2684.72,140,Online
116,5/4/2025,1158,2087,402,3.0,477.96,40,Online
117,5/4/2025,1149,2018,402,3.0,1626.78,180,Credit
118,5/4/2025,1163,2032,404,2.0,756.48,120,Credit
119,5/4/2025,1170,2001,404,2.0,659.76,30,Online
120,5/4/2025,1173,2069,402,0.0,464.78,180,Debit
121,5/4/2025,1113,2044,403,3.0,0,150,Credit
122,5/4/2025,1176,2032,404,2.0,756.48,150,Credit
123,5/4/2025,1050,2049,404,0.0,2819.52,160,Debit
124,5/4/2025,1060,2048,403,2.0,1144.42,190,Online
125,5/4/2025,1179,2037,401,3.0,1440.56,50,Debit
126,5/4/2025,1070,2001,401,3.0,0,40,Credit
127,5/4/2025,1073,2099,402,2.0,0,110,Debit
128,5/4/2025,1056,2081,402,2.0,0,120,Credit
129,5/4/2025,1173,2096,402,0.0,672.18,90,Debit
130,5/4/2025,1160,2082,401,2.0,426.56,80,Cash
131,5/4/2025,1112,2004,403,1.0,1669.05,90,Debit
132,5/4/2025,1023,2037,403,3.0,2160.84,170,Cash
133,5/4/2025,1044,2025,402,2.0,223.7,170,Cash
134,5/4/2025,1135,2064,403,1.0,793.91,90,Debit
135,5/4/2025,1065,2061,403,2.0,639.74,170,Credit
136,5/4/2025,1029,2059,401,1.0,921.69,40,Online
137,5/4/2025,1193,2028,404,2.0,1531.06,140,Cash
138,5/4/2025,1023,2050,401,2.0,298.85,70,Online
139,5/4/2025,1137,2015,404,2.0,539.98,120,Debit
140,5/4/2025,1172,2095,403,3.0,2453.95,40,Debit
141,5/4/2025,1163,2047,401,1.0,301.48,150,Credit
142,5/4/2025,1120,2003,403,1.0,1039.99,140,Online
143,5/4/2025,1165,2008,404,2.0,53.27,100,Debit
144,5/4/2025,1166,2052,401,1.0,658.13,180,Cash
145,5/4/2025,1011,2004,403,3.0,3709,10,Debit
146,5/4/2025,1029,2012,402,1.0,0,10,Cash
147,5/4/2025,1099,2058,403,3.0,666.75,140,Cash
148,5/4/2025,1150,2095,402,3.0,490.79,110,Cash
149,5/4/2025,1167,2012,404,3.0,0,160,Debit
150,5/4/2025,1071,2004,403,1.0,834.52,0,Online
151,5/4/2025,1113,2056,402,2.0,839.55,160,Online
152,5/4/2025,1025,2087,403,2.0,0,90,Credit
153,5/4/2025,1015,2050,403,1.0,504.31,150,Credit
154,5/4/2025,1031,2058,401,1.0,2400.3,160,Online
155,5/4/2025,1164,2081,401,0.0,2984.88,50,Cash
156,5/4/2025,1085,2031,402,1.0,508.77,50,Online
157,5/4/2025,1017,2097,402,1.0,757.89,70,Cash
158,5/4/2025,1059,2042,402,0.0,0,30,Cash
159,5/4/2025,1070,2018,402,2.0,0,0,Cash
160,5/4/2025,1044,2014,401,1.0,886.68,140,Online
161,5/4/2025,1003,2045,402,2.0,499.42,140,Online
162,5/4/2025,1004,2022,403,0.0,671.18,0,Online
163,5/4/2025,1032,2094,404,0.0,493.35,130,Cash
164,5/4/2025,1190,2008,404,3.0,266.36,90,Debit
165,5/4/2025,1199,2046,401,3.0,167.15,0,Online
166,5/4/2025,1128,2028,401,2.0,2041.41,60,Online
167,5/4/2025,1117,2082,401,0.0,799.8,120,Cash
168,5/4/2025,1122,2051,404,0.0,234.64,80,Debit
169,5/4/2025,1125,2091,404,0.0,1811.58,70,Debit
170,5/4/2025,1020,2041,402,0.0,0,190,Debit
171,5/4/2025,1032,2035,403,3.0,4499.95,50,Cash
172,5/4/2025,1152,2067,403,3.0,872.85,60,Credit
173,5/4/2025,1129,2077,404,0.0,2809.15,150,Cash
174,5/4/2025,1179,2014,402,3.0,738.9,150,Cash
175,5/4/2025,1115,2029,404,2.0,0,70,Debit
176,5/4/2025,1116,2051,404,0.0,351.96,140,Online
177,5/4/2025,1080,2054,403,2.0,3602.04,100,Debit
178,5/4/2025,1095,2019,404,0.0,933.93,80,Debit
179,5/4/2025,1023,2010,401,3.0,0,190,Online
180,5/4/2025,1024,2095,403,1.0,3533.69,40,Credit
181,5/4/2025,1142,2007,403,0.0,583.39,140,Cash
182,5/4/2025,1105,2045,404,0.0,624.28,10,Credit
183,5/4/2025,1073,2076,403,2.0,1934.57,70,Debit
184,5/4/2025,1026,2073,402,1.0,1797.95,110,Online
185,5/4/2025,1168,2061,402,0.0,599.76,180,Online
186,5/4/2025,1089,2071,403,0.0,0,110,Online
187,5/4/2025,1195,2035,402,3.0,0,120,Cash
188,5/4/2025,1143,2098,401,2.0,2178.86,80,Online
189,5/4/2025,1007,2023,403,2.0,751.63,20,Online
190,5/4/2025,1086,2044,401,1.0,373.64,20,Credit
191,5/4/2025,1036,2072,404,0.0,1260.9,70,Debit
192,5/4/2025,1036,2094,401,0.0,2466.75,120,Debit
193,5/4/2025,1191,2067,402,3.0,872.85,50,Online
194,5/4/2025,1107,2058,403,1.0,1800.22,120,Online
195,5/4/2025,1094,2039,403,0.0,1952.88,20,Debit
196,5/4/2025,1013,2019,402,0.0,0,190,Credit
197,5/4/2025,1172,2010,403,3.0,0,110,Debit
198,5/4/2025,1169,2054,404,3.0,900.51,180,Debit
199,5/4/2025,1106,2034,402,0.0,136.17,180,Credit
200,5/4/2025,1088,2055,401,2.0,129.46,180,Credit
201,5/4/2025,1173,2086,404,2.0,715.28,130,Credit
202,5/4/2025,1011,2028,404,0.0,0,60,Online
203,5/4/2025,1001,2026,403,1.0,190.4,130,Cash
204,5/4/2025,1196,2017,403,2.0,370.96,0,Online
205,5/4/2025,1083,2015,401,3.0,0,170,Cash
206,5/4/2025,1191,2055,402,1.0,48.55,100,Cash
207,5/4/2025,1097,2068,402,2.0,1312.38,0,Online
208,5/4/2025,1018,2050,401,3.0,0,90,Online
209,5/4/2025,1004,2058,401,2.0,1066.8,50,Debit
210,5/4/2025,1147,2054,404,3.0,2701.53,60,Cash
211,5/4/2025,1074,2014,404,0.0,738.9,120,Credit
212,5/4/2025,1083,2021,404,2.0,668.33,90,Cash
213,5/4/2025,1022,2055,401,1.0,97.09,190,Credit
214,5/4/2025,1111,2075,404,0.0,1561.28,70,Online
215,5/4/2025,1101,2039,403,1.0,2636.39,60,Debit
216,5/4/2025,1085,2099,402,0.0,646.32,20,Cash
217,5/4/2025,1130,2081,401,1.0,1343.2,10,Debit
218,5/4/2025,1198,2044,403,1.0,186.82,140,Credit
219,5/4/2025,1060,2013,402,2.0,0,20,Credit
220,5/4/2025,1050,2022,402,0.0,671.18,90,Cash
221,5/4/2025,1045,2098,404,3.0,907.86,20,Online
222,5/4/2025,1193,2072,404,2.0,1681.2,170,Credit
223,5/4/2025,1160,2040,402,3.0,138.16,50,Credit
224,5/4/2025,1017,2060,404,2.0,0,80,Credit
225,5/4/2025,1070,2075,401,2.0,624.51,30,Credit
226,5/4/2025,1129,2009,403,3.0,198.93,180,Cash
227,5/4/2025,1115,2004,401,2.0,2225.4,10,Debit
228,5/4/2025,1073,2009,401,3.0,66.31,30,Credit
229,5/4/2025,1118,2074,401,3.0,659.5,110,Cash
230,5/4/2025,1146,2083,402,2.0,614.53,190,Online
231,5/4/2025,1154,2060,402,0.0,408.38,140,Debit
232,5/4/2025,1115,2013,403,0.0,2806.08,20,Debit
233,5/4/2025,1129,2082,402,0.0,1066.4,120,Debit
234,5/4/2025,1063,2090,404,3.0,71.64,190,Credit
235,5/4/2025,1134,2066,402,2.0,1238.54,0,Cash
236,5/4/2025,1095,2036,404,3.0,653.94,90,Debit
237,5/4/2025,1198,2043,401,2.0,1397.52,50,Debit
238,5/4/2025,1016,2042,401,3.0,0,130,Credit
239,5/4/2025,1072,2032,402,2.0,1512.96,20,Debit
240,5/4/2025,1020,2074,402,2.0,527.6,0,Online
241,5/4/2025,1079,2083,404,1.0,691.34,80,Online
242,5/4/2025,1152,2090,401,2.0,57.31,120,Credit
243,5/4/2025,1143,2048,403,1.0,0,50,Credit
244,5/4/2025,1171,2089,401,3.0,1654.08,50,Online
245,5/4/2025,1130,2046,401,2.0,106.98,70,Credit
246,5/4/2025,1079,2023,402,2.0,3006.53,180,Debit
247,5/4/2025,1196,2062,402,1.0,1114.85,150,Credit
248,5/4/2025,1035,2019,401,2.0,0,30,Cash
249,5/4/2025,1025,2064,401,2.0,705.7,110,Debit
250,5/4/2025,1196,2079,402,3.0,2851.62,190,Credit
251,5/4/2025,1039,2020,402,1.0,338.25,100,Online
252,5/4/2025,1184,2056,401,3.0,1574.16,10,Credit
253,5/4/2025,1093,2086,402,3.0,3576.4,70,Online
254,5/4/2025,1156,2036,404,1.0,392.36,140,Credit
255,5/4/2025,1136,2030,403,3.0,509.91,60,Debit
256,5/4/2025,1049,2047,404,3.0,1674.9,180,Debit
257,5/4/2025,1196,2036,404,3.0,0,20,Cash
258,5/4/2025,1041,2025,402,2.0,671.09,130,Credit
259,5/4/2025,1013,2082,404,2.0,1066.4,140,Debit
260,5/4/2025,1141,2013,401,2.0,748.29,50,Online
261,5/4/2025,1021,2097,402,2.0,673.68,90,Debit
262,5/4/2025,1115,2065,402,3.0,1881.36,170,Debit
263,5/4/2025,1023,2028,404,2.0,510.35,150,Debit
264,5/4/2025,1006,2053,401,3.0,610.15,90,Online
265,5/4/2025,1128,2047,402,3.0,1004.94,10,Debit
266,5/4/2025,1020,2047,402,0.0,669.96,40,Debit
267,5/4/2025,1081,2012,403,1.0,1682.61,180,Cash
268,5/4/2025,1035,2004,403,3.0,927.25,30,Credit
269,5/4/2025,1178,2017,404,3.0,1854.8,120,Cash
270,5/4/2025,1157,2000,401,0.0,1938.62,140,Cash
271,5/4/2025,1065,2027,402,3.0,775.83,40,Online
272,5/4/2025,1028,2099,403,1.0,3490.13,140,Debit
273,5/4/2025,1077,2015,401,1.0,1822.42,150,Cash
274,5/4/2025,1107,2081,404,0.0,2238.66,160,Debit
275,5/4/2025,1028,2063,401,1.0,994.43,130,Cash
276,5/4/2025,1183,2018,403,3.0,2711.3,110,Online
277,5/4/2025,1000,2078,403,1.0,0,120,Cash
278,5/4/2025,1146,2053,402,0.0,1220.3,160,Credit
279,5/4/2025,1134,2046,401,0.0,33.43,70,Online
280,5/4/2025,1099,2060,401,3.0,1633.52,50,Online
281,5/4/2025,1095,2032,401,2.0,1512.96,180,Cash
282,5/4/2025,1017,2044,402,0.0,207.58,10,Online
283,5/4/2025,1197,2074,403,1.0,593.55,130,Debit
284,5/4/2025,1011,2045,403,1.0,842.78,0,Cash
285,5/4/2025,1199,2087,404,3.0,159.32,120,Credit
286,5/4/2025,1161,2023,402,0.0,939.54,70,Credit
287,5/4/2025,1183,2099,404,0.0,1292.64,30,Debit
288,5/4/2025,1075,2025,401,1.0,0,0,Online
289,5/4/2025,1010,2040,403,3.0,138.16,120,Online
290,5/4/2025,1139,2060,403,0.0,1225.14,140,Cash
291,5/4/2025,1192,2082,402,2.0,213.28,40,Debit
292,5/4/2025,1091,2099,401,2.0,1034.11,50,Debit
293,5/4/2025,1069,2015,403,3.0,2699.88,70,Credit
294,5/4/2025,1102,2095,404,3.0,1472.37,30,Credit
295,5/4/2025,1086,2023,404,3.0,3758.16,30,Cash
296,5/4/2025,1094,2066,403,0.0,1032.12,50,Cash
297,5/4/2025,1186,2054,401,3.0,0,150,Cash
298,5/4/2025,1154,2023,403,2.0,751.63,190,Credit
299,5/4/2025,1026,2010,403,2.0,62.27,170,Cash
300,5/4/2025,1078,2057,404,1.0,393.28,60,Cash
301,5/4/2025,1176,2056,403,3.0,524.72,190,Credit
302,5/4/2025,1010,2093,403,3.0,0,120,Credit
303,5/4/2025,1070,2081,401,0.0,1492.44,70,Online
304,5/4/2025,1171,2081,404,2.0,596.98,150,Credit
305,5/4/2025,1131,2095,402,0.0,1472.37,10,Online
306,5/4/2025,1036,2077,404,0.0,1123.66,150,Cash
307,5/4/2025,1032,2008,402,2.0,106.54,10,Online
308,5/4/2025,1092,2049,401,1.0,0,150,Credit
309,5/4/2025,1173,2057,403,2.0,349.58,10,Debit
310,5/4/2025,1113,2097,401,1.0,757.89,170,Cash
311,5/4/2025,1135,2046,404,2.0,80.23,130,Debit
312,5/4/2025,1166,2035,402,0.0,899.99,60,Online
313,5/4/2025,1006,2094,402,3.0,1480.05,110,Debit
314,5/4/2025,1132,2049,401,2.0,1503.74,30,Credit
315,5/4/2025,1198,2033,404,1.0,2257.88,130,Cash
316,5/4/2025,1156,2036,404,1.0,784.73,110,Online
317,5/4/2025,1031,2017,401,3.0,0,110,Credit
318,5/4/2025,1044,2091,404,0.0,1811.58,150,Cash
319,5/4/2025,1174,2040,403,0.0,34.54,50,Online
320,5/4/2025,1140,2069,403,2.0,557.74,190,Cash
321,5/4/2025,1040,2091,402,2.0,724.63,20,Online
322,5/4/2025,1130,2028,401,1.0,574.15,60,Cash
323,5/4/2025,1035,2030,404,0.0,339.94,80,Cash
324,5/4/2025,1092,2070,403,3.0,102.54,70,Debit
325,5/4/2025,1141,2016,401,0.0,0,120,Debit
326,5/4/2025,1079,2050,404,3.0,186.78,100,Credit
327,5/4/2025,1196,2052,401,1.0,2632.54,80,Online
328,5/4/2025,1081,2082,401,3.0,1066.4,0,Debit
329,5/4/2025,1119,2087,403,1.0,0,120,Debit
330,5/4/2025,1199,2070,402,1.0,30.76,40,Debit
331,5/4/2025,1110,2064,401,0.0,0,70,Credit
332,5/4/2025,1132,2019,403,1.0,1681.07,90,Online
333,5/4/2025,1041,2041,402,2.0,643.37,150,Cash
334,5/4/2025,1132,2036,401,2.0,348.77,80,Debit
335,5/4/2025,1050,2081,403,1.0,2686.39,40,Debit
336,5/4/2025,1160,2038,401,1.0,0,70,Debit
337,5/4/2025,1151,2074,402,1.0,1187.1,190,Cash
338,5/4/2025,1168,2079,403,0.0,1901.08,130,Cash
339,5/4/2025,1007,2010,401,2.0,62.27,190,Credit
340,5/4/2025,1166,2026,404,0.0,0,90,Online
341,5/4/2025,1127,2080,403,2.0,1997.42,20,Online
342,5/4/2025,1123,2031,404,2.0,1356.72,170,Online
343,5/4/2025,1116,2009,401,1.0,119.36,100,Online
344,5/4/2025,1112,2053,404,3.0,0,80,Debit
345,5/4/2025,1052,2043,402,2.0,698.76,180,Credit
346,5/4/2025,1183,2040,403,3.0,103.62,100,Online
347,5/4/2025,1033,2097,403,0.0,4210.5,70,Credit
348,5/4/2025,1081,2030,404,0.0,339.94,20,Cash
349,5/4/2025,1068,2057,402,1.0,1179.85,10,Debit
350,5/4/2025,1024,2006,403,3.0,594,150,Credit
351,5/4/2025,1157,2053,402,1.0,1098.27,140,Credit
352,5/4/2025,1083,2073,403,1.0,2247.44,190,Credit
353,5/4/2025,1195,2020,404,3.0,1879.15,100,Debit
354,5/4/2025,1127,2039,404,0.0,1952.88,160,Debit
355,5/4/2025,1023,2050,404,1.0,0,110,Debit
356,5/4/2025,1055,2074,403,0.0,1978.5,10,Credit
357,5/4/2025,1012,2036,404,3.0,653.94,40,Credit
358,5/4/2025,1073,2068,401,0.0,2460.72,0,Credit
359,5/4/2025,1110,2017,403,2.0,370.96,130,Credit
360,5/4/2025,1195,2051,403,0.0,117.32,20,Debit
361,5/4/2025,1102,2006,402,2.0,792,30,Online
362,5/4/2025,1141,2036,401,3.0,871.92,70,Credit
363,5/4/2025,1129,2057,403,0.0,1747.92,160,Credit
364,5/4/2025,1032,2012,404,2.0,997.1,150,Credit
365,5/4/2025,1086,2071,403,1.0,553.64,30,Credit
366,5/4/2025,1050,2077,404,0.0,561.83,10,Credit
367,5/4/2025,1011,2004,402,2.0,0,50,Cash
368,5/4/2025,1121,2066,404,1.0,0,0,Online
369,5/4/2025,1155,2065,402,2.0,1128.82,180,Online
370,5/4/2025,1156,2040,402,3.0,138.16,10,Online
371,5/4/2025,1157,2094,403,2.0,1578.72,140,Debit
372,5/4/2025,1129,2065,404,2.0,752.54,0,Cash
373,5/4/2025,1121,2002,403,2.0,2771.2,20,Cash
374,5/4/2025,1172,2014,404,2.0,197.04,80,Online
375,5/4/2025,1185,2088,401,3.0,2128.05,0,Debit
376,5/4/2025,1067,2083,402,0.0,0,130,Credit
377,5/4/2025,1149,2061,402,3.0,1199.52,80,Cash
378,5/4/2025,1037,2087,402,0.0,318.64,190,Credit
379,5/4/2025,1146,2089,401,1.0,744.34,40,Debit
380,5/4/2025,1004,2056,403,3.0,2098.88,40,Cash
381,5/4/2025,1038,2052,402,3.0,2193.78,150,Online
382,5/4/2025,1128,2099,404,0.0,3877.92,170,Online
383,5/4/2025,1180,2017,402,2.0,741.92,190,Cash
384,5/4/2025,1169,2061,404,2.0,319.87,190,Online
385,5/4/2025,1044,2058,403,2.0,1066.8,180,Credit
386,5/4/2025,1173,2098,403,3.0,3631.44,10,Cash
387,5/4/2025,1049,2031,403,2.0,1356.72,170,Online
388,5/4/2025,1057,2038,403,1.0,2501.58,120,Cash
389,5/4/2025,1176,2090,404,2.0,343.87,190,Cash
390,5/4/2025,1122,2044,403,2.0,166.06,140,Online
391,5/4/2025,1031,2073,404,3.0,1498.29,110,Cash
392,5/4/2025,1088,2098,402,2.0,726.29,190,Cash
393,5/4/2025,1010,2036,401,2.0,348.77,130,Cash
394,5/4/2025,1113,2083,403,3.0,3072.64,80,Debit
395,5/4/2025,1054,2025,403,2.0,671.09,40,Cash
396,5/4/2025,1035,2013,402,1.0,1683.65,120,Online
397,5/4/2025,1012,2085,402,1.0,217.94,40,Credit
398,5/4/2025,1013,2012,404,2.0,1994.21,90,Online
399,5/4/2025,1183,2060,401,1.0,367.54,120,Credit
400,5/4/2025,1001,2070,402,3.0,102.54,70,Credit
401,5/4/2025,1167,2060,404,1.0,735.08,90,Credit
402,5/4/2025,1193,2036,403,2.0,348.77,110,Credit
403,5/4/2025,1165,2007,401,1.0,0,120,Online
404,5/4/2025,1136,2094,401,1.0,1776.06,20,Credit
405,5/4/2025,1106,2022,401,3.0,671.18,40,Cash
406,5/4/2025,1126,2023,403,0.0,0,120,Cash
407,5/4/2025,1002,2038,401,2.0,1482.42,60,Cash
408,5/4/2025,1072,2058,404,1.0,1200.15,140,Credit
409,5/4/2025,1129,2059,403,1.0,1382.54,100,Cash
410,5/4/2025,1028,2042,402,3.0,502.83,10,Credit
411,5/4/2025,1165,2032,402,0.0,0,180,Cash
412,5/4/2025,1188,2043,403,1.0,1572.21,160,Debit
413,5/4/2025,1044,2078,404,3.0,426.03,170,Credit
414,5/4/2025,1131,2041,401,3.0,3216.84,150,Credit
415,5/4/2025,1171,2012,402,1.0,1121.74,20,Credit
416,5/4/2025,1122,2041,402,0.0,1608.42,180,Credit
417,5/4/2025,1066,2049,402,3.0,0,170,Cash
418,5/4/2025,1192,2034,403,2.0,326.81,120,Credit
419,5/4/2025,1149,2092,401,2.0,1157.3,180,Cash
420,5/4/2025,1167,2046,402,0.0,133.72,50,Debit
421,5/4/2025,1170,2015,404,2.0,0,20,Cash
422,5/4/2025,1040,2051,403,0.0,469.28,180,Cash
423,5/4/2025,1163,2037,403,1.0,0,30,Debit
424,5/4/2025,1056,2017,404,1.0,834.66,50,Online
425,5/4/2025,1116,2095,403,3.0,490.79,80,Online
426,5/4/2025,1179,2070,404,1.0,61.52,30,Debit
427,5/4/2025,1195,2031,401,3.0,1695.9,130,Credit
428,5/4/2025,1135,2090,403,0.0,0,130,Cash
429,5/4/2025,1144,2014,401,1.0,443.34,160,Credit
430,5/4/2025,1146,2068,402,1.0,2952.86,50,Credit
431,5/4/2025,1083,2066,404,0.0,516.06,30,Cash
432,5/4/2025,1174,2026,404,0.0,423.12,190,Online
433,5/4/2025,1130,2057,401,3.0,1747.92,20,Online
434,5/4/2025,1033,2065,404,3.0,0,180,Credit
435,5/4/2025,1144,2007,404,2.0,933.42,190,Cash
436,5/4/2025,1185,2002,404,2.0,692.8,170,Cash
437,5/4/2025,1000,2095,402,0.0,0,170,Debit
438,5/4/2025,1011,2054,403,0.0,900.51,90,Online
439,5/4/2025,1138,2007,401,3.0,2333.56,10,Cash
440,5/4/2025,1008,2036,404,1.0,196.18,40,Cash
441,5/4/2025,1196,2017,404,2.0,741.92,90,Debit
442,5/4/2025,1097,2057,404,3.0,436.98,70,Debit
443,5/4/2025,1020,2087,402,2.0,637.28,120,Debit
444,5/4/2025,1030,2022,404,1.0,604.06,160,Online
445,5/4/2025,1186,2028,401,0.0,2551.76,50,Credit
446,5/4/2025,1076,2059,404,3.0,1536.15,170,Debit
447,5/4/2025,1058,2031,404,2.0,0,190,Debit
448,5/4/2025,1039,2035,402,0.0,899.99,170,Online
449,5/4/2025,1008,2084,404,0.0,845.55,30,Debit
450,5/4/2025,1061,2026,401,0.0,423.12,80,Debit
451,5/4/2025,1152,2004,404,0.0,2781.75,110,Debit
452,5/4/2025,1062,2094,401,3.0,1973.4,20,Cash
453,5/4/2025,1112,2029,402,0.0,13.51,70,Cash
454,5/4/2025,1035,2064,403,1.0,0,90,Debit
455,5/4/2025,1187,2073,403,2.0,399.54,160,Debit
456,5/4/2025,1060,2038,402,1.0,3335.44,0,Online
457,5/4/2025,1105,2038,403,0.0,1853.02,10,Online
458,5/4/2025,1142,2075,402,3.0,3903.2,10,Credit
459,5/4/2025,1142,2063,401,2.0,1325.9,100,Online
460,5/4/2025,1164,2085,404,2.0,387.44,50,Credit
461,5/4/2025,1178,2053,404,1.0,1647.4,60,Online
462,5/4/2025,1076,2048,402,3.0,1072.89,120,Cash
463,5/4/2025,1061,2028,403,1.0,1148.29,110,Cash
464,5/4/2025,1118,2007,404,3.0,1750.17,20,Cash
465,5/4/2025,1142,2067,402,3.0,1163.8,110,Debit
466,5/4/2025,1062,2032,402,2.0,756.48,50,Debit
467,5/4/2025,1165,2010,404,2.0,124.54,120,Cash
468,5/4/2025,1023,2068,402,0.0,2460.72,70,Online
469,5/4/2025,1068,2048,401,0.0,715.26,10,Online
470,5/4/2025,1048,2097,402,3.0,0,110,Debit
471,5/4/2025,1053,2042,403,0.0,167.61,150,Credit
472,5/4/2025,1054,2024,401,3.0,372.81,150,Credit
473,5/4/2025,1062,2089,402,3.0,1240.56,110,Debit
474,5/4/2025,1061,2070,403,2.0,27.34,100,Online
475,5/4/2025,1097,2059,403,2.0,0,70,Debit
476,5/4/2025,1066,2046,404,3.0,200.58,150,Credit
477,5/4/2025,1025,2092,404,2.0,771.54,170,Debit
478,5/4/2025,1052,2047,403,3.0,334.98,110,Online
479,5/4/2025,1011,2072,402,1.0,756.54,190,Cash
480,5/4/2025,1004,2033,404,2.0,0,130,Credit
481,5/4/2025,1039,2025,403,1.0,503.32,90,Online
482,5/4/2025,1097,2072,402,3.0,420.3,50,Online
483,5/4/2025,1140,2083,403,2.0,1843.58,40,Online
484,5/4/2025,1195,2062,404,3.0,3096.8,50,Credit
485,5/4/2025,1043,2093,403,1.0,1360.69,0,Credit
486,5/4/2025,1035,2092,404,1.0,0,80,Credit
487,5/4/2025,1138,2082,401,0.0,533.2,40,Debit
488,5/4/2025,1019,2085,401,0.0,484.3,40,Debit
489,5/4/2025,1105,2017,402,0.0,1391.1,50,Credit
490,5/4/2025,1181,2019,401,1.0,4202.68,160,Debit
491,5/4/2025,1129,2058,403,0.0,1333.5,130,Cash
492,5/4/2025,1158,2081,404,3.0,2984.88,160,Cash
493,5/4/2025,1004,2000,404,0.0,2907.93,150,Debit
494,5/4/2025,1004,2067,403,2.0,465.52,120,Credit
495,5/4/2025,1004,2064,404,1.0,1323.18,180,Online
496,5/4/2025,1027,2012,402,1.0,1121.74,80,Online
497,5/4/2025,1049,2079,403,2.0,3802.16,100,Credit
498,5/4/2025,1068,2050,401,2.0,0,180,Debit
499,5/4/2025,1103,2058,402,1.0,600.08,70,Cash
500,5/4/2025,1076,2087,401,0.0,159.32,110,Debit
501,5/4/2025,1023,2051,404,3.0,351.96,80,Cash
502,5/4/2025,1141,2060,401,0.0,408.38,20,Debit
503,5/4/2025,1179,2021,401,3.0,835.41,50,Debit
504,5/4/2025,1111,2082,403,0.0,0,100,Credit
505,5/4/2025,1135,2005,402,1.0,1157.71,0,Credit
506,5/4/2025,1177,2072,404,2.0,1008.72,80,Credit
507,5/4/2025,1011,2009,403,0.0,0,70,Cash
508,5/4/2025,1045,2040,401,1.0,31.09,120,Debit
509,5/4/2025,1150,2018,404,0.0,1084.52,150,Online
510,5/4/2025,1076,2020,402,3.0,2254.98,120,Cash
511,5/4/2025,1173,2069,403,3.0,232.39,60,Credit
512,5/4/2025,1193,2094,402,0.0,1480.05,140,Cash
513,5/4/2025,1128,2095,403,0.0,0,130,Credit
514,5/4/2025,1025,2055,402,0.0,107.88,130,Debit
515,5/4/2025,1087,2077,404,2.0,449.46,10,Online
516,5/4/2025,1007,2081,403,3.0,746.22,160,Debit
517,5/4/2025,1125,2029,403,3.0,40.53,30,Online
518,5/4/2025,1110,2023,404,0.0,1879.08,150,Credit
519,5/4/2025,1197,2079,403,1.0,855.49,130,Credit
520,5/4/2025,1182,2009,401,2.0,53.05,100,Cash
521,5/4/2025,1039,2048,402,3.0,357.63,150,Cash
522,5/4/2025,1081,2046,401,0.0,33.43,40,Credit
523,5/4/2025,1001,2039,404,2.0,2343.46,0,Cash
524,5/4/2025,1194,2034,401,1.0,245.11,60,Credit
525,5/4/2025,1022,2023,404,3.0,5637.24,30,Debit
526,5/4/2025,1142,2071,404,0.0,615.16,40,Cash
527,5/4/2025,1006,2011,403,0.0,1229.22,10,Online
528,5/4/2025,1152,2076,403,3.0,2418.21,30,Online
529,5/4/2025,1003,2037,404,3.0,1440.56,170,Debit
530,5/4/2025,1199,2010,402,1.0,210.17,90,Credit
531,5/4/2025,1175,2048,402,1.0,965.6,120,Online
532,5/4/2025,1068,2038,403,3.0,0,70,Cash
533,5/4/2025,1037,2008,402,3.0,266.36,170,Online
534,5/4/2025,1070,2053,403,3.0,1830.45,170,Online
535,5/4/2025,1005,2009,403,2.0,53.05,180,Credit
536,5/4/2025,1063,2092,404,1.0,867.98,110,Cash
537,5/4/2025,1117,2013,402,2.0,2244.86,90,Cash
538,5/4/2025,1001,2050,403,3.0,0,60,Debit
539,5/4/2025,1084,2056,403,3.0,1574.16,170,Cash
540,5/4/2025,1166,2076,402,2.0,0,0,Credit
541,5/4/2025,1082,2077,402,3.0,0,60,Online
542,5/4/2025,1080,2022,404,2.0,1073.89,150,Cash
543,5/4/2025,1074,2094,404,1.0,444.02,40,Online
544,5/4/2025,1083,2048,403,3.0,0,10,Online
545,5/4/2025,1093,2014,402,1.0,221.67,60,Cash
546,5/4/2025,1174,2098,401,3.0,2723.58,30,Credit
547,5/4/2025,1181,2026,404,2.0,507.74,110,Credit
548,5/4/2025,1177,2008,404,3.0,332.95,20,Credit
549,5/4/2025,1035,2081,403,1.0,1343.2,10,Debit
550,5/4/2025,1064,2084,402,3.0,845.55,20,Online
551,5/4/2025,1096,2009,404,3.0,198.93,190,Online
552,5/4/2025,1149,2051,404,0.0,0,150,Online
553,5/4/2025,1092,2089,401,0.0,827.04,90,Credit
554,5/4/2025,1196,2031,403,1.0,1526.31,30,Credit
555,5/4/2025,1165,2078,401,3.0,142.01,110,Cash
556,5/4/2025,1192,2042,404,0.0,1005.66,100,Online
557,5/4/2025,1002,2012,403,1.0,560.87,130,Debit
558,5/4/2025,1130,2095,402,3.0,1963.16,20,Credit
559,5/4/2025,1095,2050,404,1.0,168.1,130,Credit
560,5/4/2025,1088,2003,404,0.0,385.18,20,Debit
561,5/4/2025,1075,2053,401,0.0,1830.45,130,Cash
562,5/4/2025,1186,2018,403,2.0,1301.42,0,Cash
563,5/4/2025,1087,2058,402,3.0,2667,150,Cash
564,5/4/2025,1089,2060,401,3.0,408.38,190,Debit
565,5/4/2025,1184,2089,404,2.0,1984.9,10,Credit
566,5/4/2025,1017,2038,401,0.0,0,60,Cash
567,5/4/2025,1005,2043,401,1.0,786.1,60,Online
568,5/4/2025,1189,2031,402,1.0,2035.08,20,Debit
569,5/4/2025,1084,2071,404,3.0,0,80,Online
570,5/4/2025,1059,2051,402,1.0,527.94,180,Credit
571,5/4/2025,1163,2084,404,3.0,845.55,110,Debit
572,5/4/2025,1007,2094,402,3.0,493.35,90,Credit
573,5/4/2025,1151,2054,404,0.0,0,120,Credit
574,5/4/2025,1180,2027,402,2.0,0,10,Debit
575,5/4/2025,1192,2090,401,0.0,286.56,100,Online
576,5/4/2025,1137,2023,403,2.0,1503.26,130,Debit
577,5/4/2025,1050,2058,401,2.0,1066.8,140,Credit
578,5/4/2025,1171,2062,403,3.0,619.36,50,Cash
579,5/4/2025,1156,2050,401,2.0,0,170,Online
580,5/4/2025,1090,2058,402,2.0,1066.8,150,Debit
581,5/4/2025,1157,2075,401,1.0,702.58,150,Online
582,5/4/2025,1080,2015,402,2.0,1619.93,130,Debit
583,5/4/2025,1029,2023,403,1.0,0,70,Cash
584,5/4/2025,1130,2049,404,1.0,845.86,80,Online
585,5/4/2025,1147,2049,404,1.0,845.86,50,Online
586,5/4/2025,1124,2081,402,1.0,2686.39,60,Online
587,5/4/2025,1125,2036,402,1.0,588.55,20,Credit
588,5/4/2025,1080,2057,401,2.0,699.17,50,Cash
589,5/4/2025,1002,2062,402,1.0,1114.85,110,Debit
590,5/4/2025,1098,2071,404,3.0,1845.48,60,Credit
591,5/4/2025,1175,2062,404,3.0,1858.08,170,Cash
592,5/4/2025,1125,2021,401,0.0,1670.82,190,Online
593,5/4/2025,1194,2028,403,0.0,637.94,30,Cash
594,5/4/2025,1070,2028,403,1.0,0,20,Cash
595,5/4/2025,1199,2058,404,0.0,2667,190,Debit
596,5/4/2025,1146,2014,403,2.0,0,60,Debit
597,5/4/2025,1138,2096,401,3.0,2688.72,150,Cash
598,5/4/2025,1139,2027,404,0.0,258.61,120,Cash
599,5/4/2025,1188,2083,402,2.0,1229.06,170,Cash
600,5/4/2025,1008,2057,403,2.0,699.17,60,Credit
601,5/4/2025,1022,2056,401,1.0,2361.24,40,Debit
602,5/4/2025,1053,2094,403,3.0,493.35,100,Debit
603,5/4/2025,1042,2078,402,1.0,127.81,110,Online
604,5/4/2025,1052,2007,403,2.0,2333.56,110,Debit
605,5/4/2025,1152,2068,402,2.0,656.19,20,Cash
606,5/4/2025,1180,2037,403,2.0,288.11,170,Online
607,5/4/2025,1131,2086,401,1.0,2414.07,140,Credit
608,5/4/2025,1192,2052,401,2.0,0,40,Online
609,5/4/2025,1167,2016,402,1.0,290.72,30,Online
610,5/4/2025,1037,2091,403,1.0,0,190,Credit
611,5/4/2025,1194,2086,404,3.0,0,100,Credit
612,5/4/2025,1036,2073,403,3.0,1997.72,120,Cash
613,5/4/2025,1096,2057,401,0.0,1310.94,50,Debit
614,5/4/2025,1103,2065,403,2.0,376.27,80,Cash
615,5/4/2025,1116,2062,403,0.0,1238.72,40,Online
616,5/4/2025,1198,2093,401,3.0,0,190,Debit
617,5/4/2025,1162,2085,403,0.0,0,70,Online
618,5/4/2025,1136,2050,402,3.0,933.9,20,Online
619,5/4/2025,1054,2063,403,2.0,441.97,120,Debit
620,5/4/2025,1072,2043,402,3.0,4367.25,170,Online
621,5/4/2025,1087,2087,401,0.0,637.28,20,Cash
622,5/4/2025,1025,2080,404,0.0,3329.04,160,Credit
623,5/4/2025,1031,2020,404,3.0,1127.49,70,Online
624,5/4/2025,1000,2054,402,1.0,1620.92,120,Cash
625,5/4/2025,1166,2038,402,2.0,2223.62,80,Debit
626,5/4/2025,1023,2083,403,2.0,1229.06,100,Debit
627,5/4/2025,1021,2047,402,0.0,1674.9,60,Credit
628,5/4/2025,1101,2080,403,1.0,3745.17,90,Debit
629,5/4/2025,1109,2083,401,0.0,768.16,130,Online
630,5/4/2025,1000,2027,404,0.0,517.22,60,Cash
631,5/4/2025,1033,2075,402,3.0,780.64,30,Debit
632,5/4/2025,1002,2001,403,0.0,824.7,60,Credit
633,5/4/2025,1108,2088,402,3.0,3546.75,190,Credit
634,5/4/2025,1018,2029,404,0.0,27.02,30,Online
635,5/4/2025,1187,2013,401,2.0,2993.15,140,Credit
636,5/4/2025,1094,2038,402,3.0,926.51,170,Credit
637,5/4/2025,1198,2096,402,1.0,1814.89,180,Debit
638,5/4/2025,1017,2067,401,1.0,523.71,130,Credit
639,5/4/2025,1112,2044,402,1.0,560.47,70,Online
640,5/4/2025,1105,2078,404,1.0,383.43,0,Credit
641,5/4/2025,1022,2012,402,0.0,623.19,50,Cash
642,5/4/2025,1150,2093,404,2.0,1814.26,140,Debit
643,5/4/2025,1109,2040,402,1.0,31.09,110,Credit
644,5/4/2025,1070,2082,401,1.0,719.82,70,Online
645,5/4/2025,1141,2076,403,0.0,3224.28,110,Debit
646,5/4/2025,1168,2038,402,1.0,1667.72,60,Cash
647,5/4/2025,1191,2050,403,0.0,560.34,160,Cash
648,5/4/2025,1005,2030,404,3.0,679.88,150,Cash
649,5/4/2025,1028,2030,404,0.0,509.91,50,Credit
650,5/4/2025,1135,2001,403,2.0,989.64,50,Online
651,5/4/2025,1033,2049,404,2.0,751.87,70,Online
652,5/4/2025,1139,2087,402,3.0,0,140,Credit
653,5/4/2025,1197,2009,401,0.0,265.24,20,Cash
654,5/4/2025,1003,2033,402,0.0,836.25,110,Credit
655,5/4/2025,1015,2050,403,3.0,560.34,170,Cash
656,5/4/2025,1108,2089,404,0.0,413.52,140,Credit
657,5/4/2025,1163,2068,402,2.0,3280.96,120,Online
658,5/4/2025,1021,2039,401,1.0,878.8,130,Online
659,5/4/2025,1039,2068,403,3.0,2460.72,30,Online
660,5/4/2025,1150,2081,401,2.0,1193.95,140,Credit
661,5/4/2025,1178,2055,402,0.0,53.94,80,Credit
662,5/4/2025,1062,2011,404,0.0,0,160,Credit
663,5/4/2025,1116,2078,401,2.0,0,40,Cash
664,5/4/2025,1170,2094,402,0.0,986.7,150,Cash
665,5/4/2025,1003,2090,402,0.0,143.28,50,Credit
666,5/4/2025,1041,2063,403,2.0,1325.9,50,Online
667,5/4/2025,1042,2047,402,2.0,803.95,110,Credit
668,5/4/2025,1187,2015,401,2.0,0,50,Credit
669,5/4/2025,1109,2034,401,2.0,326.81,100,Cash
670,5/4/2025,1182,2073,401,3.0,499.43,120,Debit
671,5/4/2025,1116,2065,403,0.0,470.34,170,Credit
672,5/4/2025,1127,2072,402,2.0,1008.72,30,Online
673,5/4/2025,1040,2032,401,0.0,0,130,Online
674,5/4/2025,1058,2094,401,0.0,493.35,70,Cash
675,5/4/2025,1003,2031,401,3.0,1695.9,0,Credit
676,5/4/2025,1093,2049,402,1.0,1691.71,80,Cash
677,5/4/2025,1009,2070,404,1.0,30.76,120,Cash
678,5/4/2025,1082,2031,404,2.0,452.24,40,Online
679,5/4/2025,1069,2009,403,0.0,0,10,Cash
680,5/4/2025,1128,2086,401,1.0,804.69,160,Online
681,5/4/2025,1057,2066,401,3.0,1548.18,150,Credit
682,5/4/2025,1017,2059,403,2.0,409.64,10,Online
683,5/4/2025,1083,2011,404,0.0,1638.96,130,Debit
684,5/4/2025,1094,2025,403,2.0,223.7,0,Credit
685,5/4/2025,1189,2079,402,3.0,3802.16,100,Debit
686,5/4/2025,1094,2075,404,1.0,702.58,110,Cash
687,5/4/2025,1187,2069,402,1.0,627.45,190,Cash
688,5/4/2025,1001,2052,401,1.0,0,100,Online
689,5/4/2025,1138,2044,401,2.0,166.06,90,Online
690,5/4/2025,1000,2097,404,2.0,1347.36,30,Credit
691,5/4/2025,1026,2026,402,3.0,211.56,10,Debit
692,5/4/2025,1125,2007,402,2.0,933.42,160,Debit
693,5/4/2025,1023,2005,402,3.0,1286.34,160,Debit
694,5/4/2025,1179,2047,404,0.0,669.96,180,Credit
695,5/4/2025,1148,2012,402,3.0,3115.95,0,Debit
696,5/4/2025,1019,2075,401,3.0,2341.92,60,Online
697,5/4/2025,1169,2016,402,2.0,775.25,60,Credit
698,5/4/2025,1066,2040,404,2.0,55.26,80,Credit
699,5/4/2025,1081,2057,403,1.0,393.28,10,Debit
700,5/4/2025,1019,2025,402,0.0,559.24,0,Credit
701,5/4/2025,1039,2013,402,3.0,4676.8,20,Cash
702,5/4/2025,1119,2040,404,0.0,69.08,30,Online
703,5/4/2025,1137,2045,402,3.0,0,130,Online
704,5/4/2025,1078,2059,403,0.0,1536.15,10,Credit
705,5/4/2025,1023,2020,403,0.0,0,120,Credit
706,5/4/2025,1055,2041,402,0.0,4021.05,190,Debit
707,5/4/2025,1182,2031,403,3.0,1695.9,40,Debit
708,5/4/2025,1131,2006,403,2.0,475.2,170,Debit
709,5/4/2025,1044,2003,404,3.0,1155.54,20,Cash
710,5/4/2025,1142,2095,402,0.0,2453.95,120,Online
711,5/4/2025,1118,2013,402,0.0,1870.72,190,Online
712,5/4/2025,1003,2007,402,1.0,1050.1,190,Online
713,5/4/2025,1050,2051,403,0.0,117.32,160,Credit
714,5/4/2025,1149,2075,403,0.0,780.64,50,Credit
715,5/4/2025,1005,2008,402,3.0,466.13,160,Cash
716,5/4/2025,1032,2011,403,0.0,409.74,190,Debit
717,5/4/2025,1010,2059,401,1.0,921.69,80,Online
718,5/4/2025,1146,2055,404,3.0,0,70,Online
719,5/4/2025,1007,2048,404,1.0,1287.47,10,Online
720,5/4/2025,1090,2027,402,2.0,413.78,180,Online
721,5/4/2025,1071,2057,402,0.0,1310.94,150,Online
722,5/4/2025,1157,2079,402,2.0,2281.3,120,Debit
723,5/4/2025,1127,2052,404,0.0,2193.78,190,Cash
724,5/4/2025,1022,2035,404,1.0,1619.98,130,Cash
725,5/4/2025,1107,2025,402,0.0,279.62,160,Cash
726,5/4/2025,1097,2091,403,3.0,2717.37,120,Cash
727,5/4/2025,1139,2062,403,2.0,1486.46,90,Credit
728,5/4/2025,1099,2034,402,0.0,408.51,130,Cash
729,5/4/2025,1081,2076,402,0.0,2418.21,130,Online
730,5/4/2025,1199,2035,401,3.0,2699.97,110,Online
731,5/4/2025,1135,2045,402,1.0,842.78,40,Debit
732,5/4/2025,1025,2031,402,2.0,904.48,50,Online
733,5/4/2025,1136,2094,401,1.0,0,150,Cash
734,5/4/2025,1147,2049,403,1.0,3383.42,140,Cash
735,5/4/2025,1045,2030,403,2.0,407.93,170,Cash
736,5/4/2025,1151,2003,403,1.0,693.32,0,Online
737,5/4/2025,1144,2024,404,2.0,298.25,160,Credit
738,5/4/2025,1044,2062,401,0.0,1238.72,50,Credit
739,5/4/2025,1014,2029,402,0.0,13.51,0,Online
740,5/4/2025,1134,2061,401,2.0,639.74,10,Debit
741,5/4/2025,1157,2025,402,2.0,671.09,180,Debit
742,5/4/2025,1183,2022,403,0.0,2684.72,40,Debit
743,5/4/2025,1005,2018,402,0.0,542.26,120,Online
744,5/4/2025,1134,2046,401,2.0,53.49,90,Debit
745,5/4/2025,1180,2084,404,0.0,281.85,140,Cash
746,5/4/2025,1086,2038,403,1.0,1667.72,80,Cash
747,5/4/2025,1040,2093,404,3.0,755.94,190,Credit
748,5/4/2025,1166,2040,402,2.0,27.63,50,Debit
749,5/4/2025,1057,2085,402,3.0,1452.9,70,Credit
750,5/4/2025,1078,2093,403,1.0,0,20,Credit
751,5/4/2025,1045,2093,401,3.0,2267.82,40,Cash
752,5/4/2025,1197,2072,401,1.0,1513.08,80,Online
753,5/4/2025,1154,2040,402,0.0,69.08,10,Debit
754,5/4/2025,1127,2018,403,0.0,0,190,Online
755,5/4/2025,1060,2044,403,1.0,934.11,50,Credit
756,5/4/2025,1162,2011,403,3.0,1229.22,0,Credit
757,5/4/2025,1002,2033,402,1.0,3010.5,80,Debit
758,5/4/2025,1177,2008,403,2.0,159.82,50,Online
759,5/4/2025,1027,2092,401,0.0,482.21,30,Online
760,5/4/2025,1098,2056,404,1.0,944.5,40,Cash
761,5/4/2025,1105,2063,404,2.0,2209.84,90,Online
762,5/4/2025,1139,2048,401,3.0,357.63,40,Credit
763,5/4/2025,1147,2083,402,1.0,691.34,10,Cash
764,5/4/2025,1115,2009,401,2.0,53.05,130,Credit
765,5/4/2025,1005,2040,403,0.0,103.62,150,Debit
766,5/4/2025,1018,2043,402,3.0,2620.35,90,Debit
767,5/4/2025,1041,2093,401,0.0,755.94,130,Debit
768,5/4/2025,1086,2076,404,0.0,0,30,Cash
769,5/4/2025,1110,2083,402,3.0,768.16,150,Debit
770,5/4/2025,1040,2006,401,2.0,0,0,Online
771,5/4/2025,1052,2024,404,2.0,298.25,110,Online
772,5/4/2025,1169,2036,403,1.0,392.36,60,Credit
773,5/4/2025,1024,2006,404,3.0,0,0,Cash
774,5/4/2025,1039,2006,403,0.0,198,50,Debit
775,5/4/2025,1109,2011,403,3.0,1638.96,30,Online
776,5/4/2025,1051,2012,401,1.0,1121.74,30,Cash
777,5/4/2025,1043,2081,403,0.0,746.22,110,Credit
778,5/4/2025,1121,2014,403,3.0,985.2,150,Credit
779,5/4/2025,1120,2062,403,0.0,2477.44,190,Online
780,5/4/2025,1164,2069,404,1.0,0,80,Online
781,5/4/2025,1094,2048,403,1.0,321.87,90,Online
782,5/4/2025,1114,2005,403,3.0,428.78,50,Online
783,5/4/2025,1119,2033,402,2.0,1338,30,Credit
784,5/4/2025,1144,2007,402,0.0,1166.78,150,Online
785,5/4/2025,1021,2085,403,3.0,0,10,Cash
786,5/4/2025,1193,2075,402,0.0,1561.28,50,Credit
787,5/4/2025,1099,2066,404,3.0,0,190,Credit
788,5/4/2025,1146,2030,404,2.0,543.9,110,Online
789,5/4/2025,1020,2050,401,1.0,168.1,160,Credit
790,5/4/2025,1030,2096,404,1.0,3024.81,140,Debit
791,5/4/2025,1042,2027,402,1.0,232.75,180,Debit
792,5/4/2025,1010,2054,401,3.0,900.51,180,Debit
793,5/4/2025,1051,2080,402,2.0,0,60,Cash
794,5/4/2025,1081,2093,401,0.0,755.94,100,Cash
795,5/4/2025,1099,2071,404,2.0,984.26,80,Online
796,5/4/2025,1070,2066,404,0.0,0,130,Cash
797,5/4/2025,1179,2079,404,0.0,2851.62,170,Cash
798,5/4/2025,1106,2019,402,0.0,3735.72,60,Cash
799,5/4/2025,1027,2072,401,2.0,672.48,30,Credit
800,5/4/2025,1137,2044,404,2.0,830.32,100,Credit
801,5/4/2025,1098,2083,404,3.0,2304.48,100,Online
802,5/4/2025,1009,2022,403,3.0,2684.72,130,Debit
803,5/4/2025,1036,2079,404,0.0,950.54,70,Debit
804,5/4/2025,1101,2042,402,0.0,335.22,120,Online
805,5/4/2025,1190,2060,403,2.0,0,10,Credit
806,5/4/2025,1005,2043,403,2.0,2096.28,180,Cash
807,5/4/2025,1071,2062,401,1.0,557.42,70,Online
808,5/4/2025,1034,2038,404,2.0,2223.62,80,Online
809,5/4/2025,1068,2093,404,0.0,2267.82,170,Credit
810,5/4/2025,1048,2056,402,3.0,524.72,140,Online
811,5/4/2025,1189,2062,403,0.0,1858.08,50,Debit
812,5/4/2025,1131,2020,401,2.0,0,180,Credit
813,5/4/2025,1181,2064,404,1.0,264.64,0,Online
814,5/4/2025,1199,2067,401,1.0,0,130,Debit
815,5/4/2025,1049,2025,401,1.0,503.32,70,Debit
816,5/4/2025,1008,2058,401,2.0,533.4,180,Online
817,5/4/2025,1180,2025,403,2.0,894.78,70,Cash
818,5/4/2025,1118,2064,404,0.0,882.12,80,Online
819,5/4/2025,1174,2003,402,2.0,308.14,180,Credit
820,5/4/2025,1125,2076,404,1.0,725.46,140,Debit
821,5/4/2025,1121,2075,403,2.0,2498.05,150,Debit
822,5/4/2025,1041,2033,401,2.0,669,0,Credit
823,5/4/2025,1007,2049,401,1.0,845.86,150,Debit
824,5/4/2025,1146,2099,402,1.0,581.69,190,Debit
825,5/4/2025,1165,2028,402,2.0,1531.06,170,Online
826,5/4/2025,1166,2052,401,0.0,731.26,170,Online
827,5/4/2025,1121,2016,402,0.0,646.04,140,Debit
828,5/4/2025,1057,2032,403,2.0,3782.4,40,Online
829,5/4/2025,1108,2048,403,3.0,357.63,90,Online
830,5/4/2025,1064,2027,404,2.0,413.78,130,Cash
831,5/4/2025,1173,2066,404,0.0,2580.3,130,Cash
832,5/4/2025,1001,2065,403,2.0,376.27,120,Debit
833,5/4/2025,1076,2087,401,3.0,796.6,110,Cash
834,5/4/2025,1016,2043,403,2.0,2795.04,120,Cash
835,5/4/2025,1070,2033,403,1.0,752.62,20,Credit
836,5/4/2025,1038,2066,402,0.0,1032.12,170,Cash
837,5/4/2025,1153,2051,403,1.0,316.76,160,Credit
838,5/4/2025,1184,2003,404,2.0,1848.86,150,Debit
839,5/4/2025,1066,2053,404,3.0,0,30,Cash
840,5/4/2025,1188,2004,402,2.0,2967.2,110,Credit
841,5/4/2025,1185,2091,402,3.0,3623.16,110,Debit
842,5/4/2025,1171,2045,403,1.0,280.93,10,Debit
843,5/4/2025,1168,2071,402,2.0,1968.51,110,Online
844,5/4/2025,1024,2060,402,2.0,326.7,40,Cash
845,5/4/2025,1185,2071,402,2.0,984.26,70,Online
846,5/4/2025,1167,2011,402,2.0,327.79,120,Online
847,5/4/2025,1057,2095,403,3.0,2453.95,30,Debit
848,5/4/2025,1084,2047,403,2.0,803.95,20,Debit
849,5/4/2025,1118,2015,404,0.0,4049.82,150,Online
850,5/4/2025,1162,2074,401,3.0,659.5,40,Credit
851,5/4/2025,1049,2064,401,3.0,882.12,90,Credit
852,5/4/2025,1135,2038,404,0.0,926.51,180,Debit
853,5/4/2025,1038,2017,402,2.0,741.92,180,Credit
854,5/4/2025,1104,2072,404,1.0,1134.81,140,Debit
855,5/4/2025,1080,2091,402,0.0,2717.37,150,Credit
856,5/4/2025,1124,2042,402,2.0,0,60,Credit
857,5/4/2025,1162,2007,401,3.0,583.39,50,Cash
858,5/4/2025,1070,2026,402,1.0,190.4,190,Credit
859,5/4/2025,1125,2097,401,1.0,3031.56,100,Online
860,5/4/2025,1157,2055,404,3.0,53.94,170,Online
861,5/4/2025,1109,2061,404,0.0,799.68,100,Debit
862,5/4/2025,1009,2068,402,2.0,0,0,Debit
863,5/4/2025,1003,2041,402,0.0,2412.63,20,Debit
864,5/4/2025,1173,2000,402,1.0,872.38,90,Cash
865,5/4/2025,1177,2044,403,1.0,373.64,20,Credit
866,5/4/2025,1026,2049,403,1.0,3383.42,180,Debit
867,5/4/2025,1016,2005,403,2.0,686.05,0,Cash
868,5/4/2025,1116,2093,403,3.0,755.94,30,Credit
869,5/4/2025,1175,2017,403,3.0,463.7,90,Online
870,5/4/2025,1091,2096,402,1.0,1209.92,0,Debit
871,5/4/2025,1103,2002,402,1.0,779.4,160,Cash
872,5/4/2025,1186,2016,402,0.0,646.04,130,Debit
873,5/4/2025,1150,2064,402,0.0,294.04,160,Credit
874,5/4/2025,1093,2091,401,3.0,2717.37,190,Debit
875,5/4/2025,1163,2032,401,0.0,0,180,Online
876,5/4/2025,1169,2013,401,0.0,935.36,100,Debit
877,5/4/2025,1176,2014,404,3.0,1231.5,100,Debit
878,5/4/2025,1097,2015,403,3.0,2699.88,100,Cash
879,5/4/2025,1179,2019,402,0.0,1867.86,150,Online
880,5/4/2025,1077,2053,401,2.0,976.24,0,Credit
881,5/4/2025,1159,2077,402,3.0,561.83,150,Credit
882,5/4/2025,1026,2065,401,2.0,1881.36,60,Online
883,5/4/2025,1029,2013,404,1.0,0,150,Online
884,5/4/2025,1155,2025,403,1.0,503.32,0,Credit
885,5/4/2025,1091,2090,404,2.0,171.94,30,Cash
886,5/4/2025,1041,2005,404,1.0,385.9,0,Debit
887,5/4/2025,1176,2061,403,1.0,359.86,130,Debit
888,5/4/2025,1000,2001,401,0.0,1649.4,180,Credit
889,5/4/2025,1146,2085,404,1.0,653.81,60,Online
890,5/4/2025,1023,2099,401,0.0,1292.64,90,Credit
891,5/4/2025,1065,2082,402,3.0,266.6,20,Cash
892,5/4/2025,1075,2033,404,0.0,2508.75,110,Online
893,5/4/2025,1025,2022,401,2.0,1073.89,60,Credit
894,5/4/2025,1092,2086,403,3.0,894.1,120,Online
895,5/4/2025,1189,2014,401,0.0,0,120,Cash
896,5/4/2025,1002,2017,402,2.0,0,120,Credit
897,5/4/2025,1091,2056,403,0.0,1049.44,120,Debit
898,5/4/2025,1095,2043,402,0.0,0,30,Debit
899,5/4/2025,1102,2051,404,2.0,93.86,70,Debit
900,5/4/2025,1098,2088,404,3.0,0,110,Cash
901,5/4/2025,1166,2021,401,1.0,0,160,Credit
902,5/4/2025,1178,2092,401,1.0,867.98,10,Cash
903,5/4/2025,1026,2053,404,3.0,1830.45,130,Cash
904,5/4/2025,1046,2078,404,2.0,454.43,10,Debit
905,5/4/2025,1156,2003,402,3.0,1925.9,120,Cash
906,5/4/2025,1124,2014,404,3.0,0,10,Debit
907,5/4/2025,1011,2008,403,2.0,106.54,190,Debit
908,5/4/2025,1003,2090,402,2.0,57.31,70,Online
909,5/4/2025,1132,2066,401,3.0,1548.18,120,Credit
910,5/4/2025,1169,2093,402,3.0,755.94,170,Online
911,5/4/2025,1088,2084,404,1.0,0,90,Debit
912,5/4/2025,1142,2078,401,0.0,568.04,140,Cash
913,5/4/2025,1164,2020,404,3.0,1879.15,110,Online
914,5/4/2025,1042,2009,404,2.0,53.05,190,Credit
915,5/4/2025,1061,2042,403,0.0,167.61,40,Cash
916,5/4/2025,1129,2028,404,3.0,2551.76,70,Online
917,5/4/2025,1060,2010,404,3.0,544.88,130,Debit
918,5/4/2025,1146,2057,401,3.0,436.98,90,Online
919,5/4/2025,1114,2040,401,3.0,34.54,140,Cash
920,5/4/2025,1190,2083,401,0.0,2304.48,90,Online
921,5/4/2025,1103,2052,401,0.0,2193.78,40,Cash
922,5/4/2025,1023,2077,403,1.0,505.65,40,Cash
923,5/4/2025,1167,2085,404,2.0,387.44,40,Credit
924,5/4/2025,1093,2006,402,3.0,594,70,Cash
925,5/4/2025,1084,2071,404,2.0,492.13,30,Credit
926,5/4/2025,1183,2057,401,0.0,873.96,70,Credit
927,5/4/2025,1194,2084,402,0.0,563.7,10,Debit
928,5/4/2025,1087,2045,403,2.0,499.42,170,Online
929,5/4/2025,1179,2013,401,1.0,1683.65,50,Credit
930,5/4/2025,1126,2017,404,0.0,927.4,40,Online
931,5/4/2025,1065,2078,402,1.0,127.81,80,Cash
932,5/4/2025,1030,2050,402,3.0,186.78,110,Online
933,5/4/2025,1005,2024,403,0.0,621.35,150,Debit
934,5/4/2025,1193,2053,401,0.0,1830.45,30,Credit
935,5/4/2025,1197,2057,404,1.0,1179.85,20,Debit
936,5/4/2025,1127,2000,401,3.0,969.31,110,Debit
937,5/4/2025,1149,2061,402,1.0,359.86,140,Online
938,5/4/2025,1187,2016,401,3.0,2584.16,150,Online
939,5/4/2025,1168,2076,403,3.0,2418.21,180,Debit
940,5/4/2025,1107,2077,402,2.0,898.93,40,Credit
941,5/4/2025,1101,2043,403,3.0,3493.8,50,Cash
942,5/4/2025,1034,2017,404,2.0,0,0,Credit
943,5/4/2025,1179,2070,403,1.0,61.52,70,Cash
944,5/4/2025,1051,2026,403,2.0,338.5,30,Cash
945,5/4/2025,1172,2016,402,2.0,516.83,100,Online
946,5/4/2025,1181,2014,403,3.0,246.3,170,Debit
947,5/4/2025,1149,2073,404,2.0,799.09,30,Debit
948,5/4/2025,1108,2001,401,0.0,412.35,80,Cash
949,5/4/2025,1097,2018,401,0.0,1084.52,110,Cash
950,5/4/2025,1051,2034,402,2.0,217.87,150,Debit
951,5/4/2025,1174,2032,402,0.0,4728,110,Debit
952,5/4/2025,1176,2037,402,0.0,720.28,30,Debit
953,5/4/2025,1091,2057,401,1.0,786.56,10,Cash
954,5/4/2025,1190,2082,404,1.0,239.94,110,Debit
955,5/4/2025,1130,2089,403,0.0,413.52,190,Credit
956,5/4/2025,1097,2049,404,2.0,0,60,Debit
957,5/4/2025,1141,2006,401,2.0,0,80,Online
958,5/4/2025,1051,2079,404,1.0,1710.97,0,Online
959,5/4/2025,1162,2090,403,1.0,257.9,0,Credit
960,5/4/2025,1198,2092,402,2.0,771.54,70,Credit
961,5/4/2025,1114,2022,401,1.0,3020.31,110,Online
962,5/4/2025,1044,2094,401,3.0,493.35,140,Cash
963,5/4/2025,1010,2054,403,2.0,720.41,20,Credit
964,5/4/2025,1033,2020,403,0.0,751.66,80,Debit
965,5/4/2025,1084,2059,402,0.0,0,20,Online
966,5/4/2025,1039,2041,401,2.0,0,180,Debit
967,5/4/2025,1125,2073,403,0.0,1997.72,170,Credit
968,5/4/2025,1005,2090,403,1.0,193.43,60,Debit
969,5/4/2025,1047,2066,401,1.0,464.45,30,Debit
970,5/4/2025,1106,2069,404,0.0,464.78,10,Cash
971,5/4/2025,1089,2028,402,2.0,0,170,Credit
972,5/4/2025,1084,2046,403,1.0,0,80,Online
973,5/4/2025,1192,2079,404,0.0,950.54,70,Online
974,5/4/2025,1029,2085,403,3.0,726.45,170,Cash
975,5/4/2025,1061,2082,402,0.0,533.2,130,Debit
976,5/4/2025,1174,2041,404,0.0,804.21,190,Cash
977,5/4/2025,1098,2032,403,0.0,0,130,Credit
978,5/4/2025,1132,2098,403,3.0,3631.44,90,Online
979,5/4/2025,1124,2005,403,1.0,1157.71,160,Debit
980,5/4/2025,1082,2065,401,0.0,1411.02,80,Debit
981,5/4/2025,1042,2098,401,0.0,4539.3,140,Credit
982,5/4/2025,1053,2085,402,3.0,726.45,40,Credit
983,5/4/2025,1026,2026,404,0.0,423.12,100,Online
984,5/4/2025,1191,2087,402,0.0,477.96,30,Cash
985,5/4/2025,1117,2091,403,0.0,1811.58,170,Online
986,5/4/2025,1022,2009,401,1.0,119.36,20,Online
987,5/4/2025,1064,2071,401,1.0,1107.29,80,Online
988,5/4/2025,1066,2052,404,3.0,5118.82,0,Cash
989,5/4/2025,1161,2051,404,2.0,375.42,130,Credit
990,5/4/2025,1004,2049,401,0.0,939.84,180,Online
991,5/4/2025,1164,2092,401,0.0,2893.26,30,Cash
992,5/4/2025,1179,2009,403,0.0,66.31,120,Online
993,5/4/2025,1074,2087,403,0.0,477.96,150,Online
994,5/4/2025,1072,2097,404,3.0,842.1,130,Online
995,5/4/2025,1101,2084,401,3.0,1127.4,120,Debit
996,5/4/2025,1040,2068,402,1.0,2952.86,170,Cash
997,5/4/2025,1191,2050,403,1.0,504.31,70,Cash
998,5/4/2025,1076,2086,403,0.0,2682.3,150,Online
999,5/4/2025,1141,2071,402,0.0,1230.32,20,Online
1000,5/4/2025,1010,2000,404,0.0,3877.24,140,Cash
1001,5/4/2025,1078,2026,403,1.0,761.62,180,Online
1002,5/4/2025,1105,2082,402,1.0,239.94,20,Cash
1003,5/4/2025,1047,2028,403,1.0,1148.29,150,Credit
1004,5/4/2025,1029,2023,401,3.0,2818.62,20,Online
1005,5/4/2025,1165,2070,401,2.0,54.69,150,Debit
1006,5/4/2025,1171,2008,403,0.0,133.18,90,Debit
1007,5/4/2025,1050,2092,404,2.0,771.54,150,Debit
1008,5/4/2025,1091,2016,402,0.0,1292.08,190,Cash
1009,5/4/2025,1072,2079,401,1.0,855.49,0,Debit
1010,5/4/2025,1081,2062,404,2.0,495.49,40,Online
1011,5/4/2025,1157,2084,403,1.0,253.67,140,Debit
1012,5/4/2025,1144,2072,403,2.0,672.48,60,Debit
1013,5/4/2025,1109,2021,401,2.0,668.33,10,Cash
1014,5/4/2025,1063,2028,404,2.0,510.35,180,Credit
1015,5/4/2025,1092,2017,403,3.0,1854.8,90,Debit
1016,5/4/2025,1118,2057,403,2.0,699.17,120,Online
1017,5/4/2025,1124,2070,401,1.0,30.76,120,Cash
1018,5/4/2025,1165,2077,401,2.0,449.46,180,Credit
1019,5/4/2025,1035,2068,402,2.0,1968.58,50,Credit
1020,5/4/2025,1187,2080,401,0.0,0,90,Cash
1021,5/4/2025,1004,2064,401,3.0,882.12,40,Credit
1022,5/4/2025,1196,2075,402,0.0,2341.92,0,Cash
1023,5/4/2025,1141,2033,404,1.0,0,80,Credit
1024,5/4/2025,1093,2050,402,2.0,448.27,130,Cash
1025,5/4/2025,1034,2059,401,3.0,1536.15,40,Debit
1026,5/4/2025,1093,2064,401,1.0,793.91,30,Credit
1027,5/4/2025,1157,2087,402,1.0,286.78,120,Online
1028,5/4/2025,1114,2020,402,1.0,676.49,20,Debit
1029,5/4/2025,1188,2093,404,2.0,1814.26,100,Cash
1030,5/4/2025,1010,2028,404,1.0,1148.29,20,Online
1031,5/4/2025,1016,2033,403,1.0,2257.88,170,Cash
1032,5/4/2025,1010,2085,402,2.0,387.44,140,Credit
1033,5/4/2025,1099,2060,404,0.0,0,20,Cash
1034,5/4/2025,1010,2083,403,0.0,768.16,190,Debit
1035,5/4/2025,1180,2066,403,2.0,1238.54,170,Debit
1036,5/4/2025,1148,2069,402,3.0,697.17,190,Credit
1037,5/4/2025,1167,2048,403,0.0,1072.89,40,Credit
1038,5/4/2025,1132,2032,404,1.0,851.04,10,Online
1039,5/4/2025,1132,2051,403,2.0,187.71,60,Credit
1040,5/4/2025,1124,2061,401,1.0,0,140,Cash
1041,5/4/2025,1112,2021,402,0.0,835.41,100,Credit
1042,5/4/2025,1131,2082,403,1.0,239.94,180,Credit
1043,5/4/2025,1038,2023,402,2.0,0,20,Cash
1044,5/4/2025,1154,2091,401,1.0,3260.84,20,Credit
1045,5/4/2025,1106,2042,401,3.0,1173.27,110,Debit
1046,5/4/2025,1172,2061,404,1.0,719.71,160,Debit
1047,5/4/2025,1151,2020,404,0.0,1127.49,130,Credit
1048,5/4/2025,1062,2005,402,1.0,385.9,130,Credit
1049,5/4/2025,1034,2080,401,1.0,2996.14,50,Debit
1050,5/4/2025,1014,2021,403,1.0,1503.74,30,Credit
1051,5/4/2025,1132,2051,401,2.0,281.57,100,Cash
1052,5/4/2025,1021,2027,404,3.0,775.83,190,Cash
1053,5/4/2025,1123,2021,402,3.0,0,140,Credit
1054,5/4/2025,1153,2018,402,2.0,867.62,30,Online
1055,5/4/2025,1042,2092,403,3.0,1446.63,70,Credit
1056,5/4/2025,1152,2075,401,1.0,2107.73,190,Debit
1057,5/4/2025,1096,2049,402,0.0,939.84,140,Credit
1058,5/4/2025,1004,2025,404,1.0,0,150,Credit
1059,5/4/2025,1155,2012,402,3.0,623.19,10,Cash
1060,5/4/2025,1157,2076,401,0.0,2418.21,110,Credit
1061,5/4/2025,1023,2061,402,0.0,199.92,70,Credit
1062,5/4/2025,1198,2086,404,3.0,894.1,90,Credit
1063,5/4/2025,1094,2005,404,1.0,771.8,0,Credit
1064,5/4/2025,1123,2098,404,2.0,3631.44,100,Online
1065,5/4/2025,1150,2094,401,3.0,2466.75,50,Cash
1066,5/4/2025,1034,2032,404,1.0,1702.08,0,Debit
1067,5/4/2025,1021,2036,404,2.0,348.77,30,Online
1068,5/4/2025,1048,2000,401,0.0,4846.55,20,Cash
1069,5/4/2025,1133,2000,404,1.0,872.38,0,Cash
1070,5/4/2025,1176,2040,404,2.0,55.26,20,Cash
1071,5/4/2025,1027,2019,404,2.0,747.14,180,Debit
1072,5/4/2025,1066,2068,404,2.0,1968.58,100,Debit
1073,5/4/2025,1156,2035,404,1.0,0,40,Debit
1074,5/4/2025,1105,2070,404,1.0,0,80,Credit
1075,5/4/2025,1094,2071,404,2.0,984.26,170,Debit
1076,5/4/2025,1078,2073,403,3.0,499.43,150,Cash
1077,5/4/2025,1188,2017,401,1.0,417.33,20,Debit
1078,5/4/2025,1114,2089,402,0.0,827.04,70,Credit
1079,5/4/2025,1054,2065,404,2.0,376.27,70,Credit
1080,5/4/2025,1140,2078,401,1.0,255.62,20,Cash
1081,5/4/2025,1099,2081,401,0.0,1492.44,40,Debit
1082,5/4/2025,1037,2060,404,0.0,1225.14,180,Debit
1083,5/4/2025,1016,2033,402,2.0,2007,70,Cash
1084,5/4/2025,1020,2077,401,3.0,561.83,170,Cash
1085,5/4/2025,1102,2078,403,0.0,142.01,20,Debit
1086,5/4/2025,1198,2022,404,3.0,671.18,160,Debit
1087,5/4/2025,1002,2025,403,1.0,503.32,190,Online
1088,5/4/2025,1008,2076,402,1.0,1450.93,160,Online
1089,5/4/2025,1172,2004,403,1.0,834.52,120,Debit
1090,5/4/2025,1167,2000,402,0.0,969.31,40,Debit
1091,5/4/2025,1070,2099,404,2.0,1551.17,140,Online
1092,5/4/2025,1171,2050,404,1.0,168.1,120,Credit
1093,5/4/2025,1132,2001,401,0.0,2061.75,0,Credit
1094,5/4/2025,1140,2036,403,2.0,348.77,90,Credit
1095,5/4/2025,1070,2028,402,3.0,2551.76,10,Online
1096,5/4/2025,1103,2073,401,2.0,0,110,Cash
1097,5/4/2025,1044,2052,401,0.0,2193.78,0,Online
1098,5/4/2025,1128,2037,403,0.0,0,130,Credit
1099,5/4/2025,1131,2032,403,3.0,4728,30,Credit
1100,5/4/2025,1096,2072,404,1.0,378.27,20,Online
1101,5/4/2025,1193,2043,404,3.0,2620.35,150,Cash
1102,5/4/2025,1150,2003,404,0.0,1155.54,20,Cash
1103,5/4/2025,1066,2008,404,1.0,59.93,100,Cash
1104,5/4/2025,1173,2089,402,2.0,0,100,Credit
1105,5/4/2025,1105,2045,401,2.0,499.42,130,Cash
1106,5/4/2025,1063,2036,401,3.0,653.94,70,Online
1107,5/4/2025,1172,2095,403,0.0,981.58,30,Credit
1108,5/4/2025,1141,2022,404,2.0,0,30,Cash
1109,5/4/2025,1090,2027,403,1.0,698.25,90,Cash
1110,5/4/2025,1191,2087,402,3.0,955.92,140,Online
1111,5/4/2025,1188,2025,402,1.0,251.66,190,Debit
1112,5/4/2025,1067,2026,402,1.0,380.81,90,Credit
1113,5/4/2025,1063,2079,403,1.0,1710.97,150,Online
1114,5/4/2025,1199,2013,401,0.0,5612.16,80,Debit
1115,5/4/2025,1173,2084,404,0.0,281.85,160,Online
1116,5/4/2025,1195,2069,401,3.0,697.17,190,Online
1117,5/4/2025,1095,2079,403,3.0,950.54,90,Debit
1118,5/4/2025,1147,2035,404,1.0,809.99,120,Debit
1119,5/4/2025,1195,2065,403,3.0,1411.02,70,Online
1120,5/4/2025,1056,2096,402,0.0,0,170,Cash
1121,5/4/2025,1134,2054,404,0.0,3602.04,80,Online
1122,5/4/2025,1128,2044,404,1.0,373.64,10,Credit
1123,5/4/2025,1117,2015,404,2.0,1619.93,0,Cash
1124,5/4/2025,1176,2001,401,1.0,371.12,140,Online
1125,5/4/2025,1097,2074,401,2.0,527.6,180,Credit
1126,5/4/2025,1092,2078,403,1.0,383.43,60,Online
1127,5/4/2025,1140,2033,402,2.0,1338,60,Credit
1128,5/4/2025,1120,2078,403,2.0,227.22,120,Credit
1129,5/4/2025,1047,2063,404,1.0,0,60,Cash
1130,5/4/2025,1107,2089,403,2.0,330.82,140,Debit
1131,5/4/2025,1102,2035,404,1.0,1619.98,90,Online
1132,5/4/2025,1146,2016,402,0.0,0,60,Cash
1133,5/4/2025,1184,2034,402,3.0,680.85,90,Online
1134,5/4/2025,1097,2025,402,1.0,1258.29,140,Cash
1135,5/4/2025,1121,2001,402,3.0,0,170,Online
1136,5/4/2025,1127,2017,403,3.0,0,150,Debit
1137,5/4/2025,1076,2032,401,3.0,6619.2,80,Online
1138,5/4/2025,1025,2088,402,0.0,0,90,Online
1139,5/4/2025,1055,2032,404,0.0,945.6,50,Credit
1140,5/4/2025,1115,2095,403,2.0,0,160,Credit
1141,5/4/2025,1092,2046,403,2.0,80.23,90,Credit
1142,5/4/2025,1005,2052,401,2.0,1170.02,180,Debit
1143,5/4/2025,1173,2077,402,1.0,1516.94,50,Cash
1144,5/4/2025,1199,2036,403,2.0,871.92,130,Credit
1145,5/4/2025,1172,2065,404,3.0,2822.04,190,Online
1146,5/4/2025,1020,2048,403,3.0,1072.89,30,Cash
1147,5/4/2025,1161,2018,402,2.0,1301.42,70,Credit
1148,5/4/2025,1107,2080,404,0.0,4993.56,60,Cash
1149,5/4/2025,1020,2020,403,1.0,1014.74,180,Debit
1150,5/4/2025,1080,2040,403,2.0,55.26,10,Online
1151,5/4/2025,1154,2082,404,2.0,639.84,60,Online
1152,5/4/2025,1113,2099,403,3.0,646.32,10,Debit
1153,5/4/2025,1105,2021,402,0.0,835.41,70,Debit
1154,5/4/2025,1032,2093,402,2.0,2419.01,20,Debit
1155,5/4/2025,1190,2089,401,1.0,0,60,Online
1156,5/4/2025,1042,2050,401,0.0,1120.68,30,Debit
1157,5/4/2025,1016,2060,401,0.0,816.76,50,Debit
1158,5/4/2025,1197,2050,401,0.0,560.34,40,Credit
1159,5/4/2025,1067,2079,402,0.0,1901.08,60,Cash
1160,5/4/2025,1167,2049,403,1.0,0,110,Online
1161,5/4/2025,1063,2094,403,3.0,493.35,10,Online
1162,5/4/2025,1160,2016,402,1.0,1162.87,80,Debit
1163,5/4/2025,1007,2004,403,2.0,2225.4,110,Credit
1164,5/4/2025,1121,2059,403,3.0,2048.2,10,Credit
1165,5/4/2025,1034,2089,402,3.0,2481.12,80,Cash
1166,5/4/2025,1161,2095,404,2.0,392.63,170,Cash
1167,5/4/2025,1088,2061,402,0.0,799.68,80,Online
1168,5/4/2025,1113,2039,403,3.0,976.44,10,Cash
1169,5/4/2025,1066,2019,403,0.0,933.93,10,Online
1170,5/4/2025,1000,2066,402,2.0,412.85,100,Debit
1171,5/4/2025,1073,2060,401,3.0,0,160,Cash
1172,5/4/2025,1193,2061,403,0.0,199.92,160,Online
1173,5/4/2025,1196,2055,403,1.0,194.18,0,Debit
1174,5/4/2025,1001,2070,403,1.0,61.52,30,Cash
1175,5/4/2025,1105,2071,404,3.0,615.16,40,Cash
1176,5/4/2025,1063,2020,404,3.0,375.83,80,Debit
1177,5/4/2025,1056,2033,401,3.0,836.25,120,Cash
1178,5/4/2025,1160,2030,403,2.0,271.95,140,Debit
1179,5/4/2025,1166,2095,403,3.0,1472.37,150,Credit
1180,5/4/2025,1048,2008,402,1.0,0,80,Credit
1181,5/4/2025,1074,2014,404,3.0,738.9,60,Cash
1182,5/4/2025,1069,2089,404,1.0,372.17,160,Online
1183,5/4/2025,1082,2002,402,0.0,1732,130,Online
1184,5/4/2025,1136,2002,402,0.0,1732,120,Cash
1185,5/4/2025,1072,2034,402,3.0,0,160,Credit
1186,5/4/2025,1186,2001,402,0.0,824.7,40,Debit
1187,5/4/2025,1038,2001,404,1.0,0,160,Credit
1188,5/4/2025,1087,2053,403,3.0,2440.6,70,Debit
1189,5/4/2025,1095,2059,401,2.0,1638.56,70,Debit
1190,5/4/2025,1020,2096,402,0.0,2688.72,90,Cash
1191,5/4/2025,1068,2099,404,0.0,1938.96,20,Online
1192,5/4/2025,1139,2060,402,1.0,1102.63,160,Credit
1193,5/4/2025,1064,2048,401,0.0,715.26,90,Debit
1194,5/4/2025,1196,2091,402,3.0,0,10,Online
1195,5/4/2025,1197,2056,402,0.0,1049.44,180,Debit
1196,5/4/2025,1050,2058,401,1.0,1800.22,60,Online
1197,5/4/2025,1121,2049,403,2.0,751.87,180,Online
1198,5/4/2025,1040,2080,401,0.0,1664.52,50,Online
1199,5/4/2025,1064,2061,403,1.0,179.93,20,Credit
1200,5/4/2025,1092,2006,402,0.0,198,10,Cash
1201,5/4/2025,1060,2081,404,2.0,1193.95,100,Online
1202,5/4/2025,1003,2021,403,0.0,2506.23,170,Debit
1203,5/4/2025,1101,2031,401,0.0,1130.6,130,Credit
1204,5/4/2025,1148,2088,404,1.0,0,80,Debit
1205,5/4/2025,1095,2098,401,1.0,2451.22,120,Debit
1206,5/4/2025,1040,2063,401,2.0,883.94,140,Cash
1207,5/4/2025,1194,2080,401,0.0,1664.52,170,Online
1208,5/4/2025,1091,2082,402,0.0,0,80,Online
1209,5/4/2025,1032,2062,402,2.0,1981.95,80,Credit
1210,5/4/2025,1142,2082,403,3.0,799.8,50,Cash
1211,5/4/2025,1187,2024,401,3.0,372.81,170,Cash
1212,5/4/2025,1091,2092,402,2.0,385.77,100,Credit
1213,5/4/2025,1010,2062,404,2.0,990.98,120,Online
1214,5/4/2025,1138,2089,404,1.0,744.34,160,Credit
1215,5/4/2025,1145,2023,403,2.0,1503.26,120,Online
1216,5/4/2025,1187,2059,403,1.0,1843.38,190,Online
1217,5/4/2025,1017,2067,402,3.0,0,10,Online
1218,5/4/2025,1075,2033,403,3.0,836.25,100,Cash
1219,5/4/2025,1000,2099,404,1.0,2326.75,30,Cash
1220,5/4/2025,1004,2079,403,1.0,0,80,Cash
1221,5/4/2025,1082,2092,401,3.0,0,110,Online
1222,5/4/2025,1048,2067,404,1.0,785.56,100,Cash
1223,5/4/2025,1156,2036,403,3.0,0,140,Credit
1224,5/4/2025,1164,2041,401,0.0,804.21,70,Debit
1225,5/4/2025,1133,2084,401,0.0,0,120,Online
1226,5/4/2025,1033,2022,401,1.0,604.06,180,Online
1227,5/4/2025,1027,2062,402,0.0,1238.72,160,Cash
1228,5/4/2025,1008,2073,404,3.0,1498.29,190,Cash
1229,5/4/2025,1134,2079,403,0.0,950.54,110,Cash
1230,5/4/2025,1093,2028,401,0.0,1275.88,130,Cash
1231,5/4/2025,1053,2083,404,0.0,2304.48,120,Online
1232,5/4/2025,1119,2081,401,2.0,0,60,Cash
1233,5/4/2025,1142,2095,404,2.0,1177.9,120,Cash
1234,5/4/2025,1181,2007,403,0.0,583.39,180,Credit
1235,5/4/2025,1187,2009,403,0.0,265.24,60,Cash
1236,5/4/2025,1055,2066,401,0.0,2580.3,140,Online
1237,5/4/2025,1185,2029,404,1.0,12.16,130,Cash
1238,5/4/2025,1049,2067,402,1.0,261.86,180,Cash
1239,5/4/2025,1142,2095,404,0.0,1963.16,30,Online
1240,5/4/2025,1196,2081,403,3.0,746.22,20,Credit
1241,5/4/2025,1179,2085,404,0.0,242.15,170,Credit
1242,5/4/2025,1042,2023,404,2.0,2254.9,150,Online
1243,5/4/2025,1168,2020,404,2.0,601.33,30,Debit
1244,5/4/2025,1080,2070,403,2.0,0,90,Online
1245,5/4/2025,1105,2097,404,2.0,673.68,190,Debit
1246,5/4/2025,1155,2030,402,3.0,509.91,90,Cash
1247,5/4/2025,1196,2070,403,2.0,27.34,180,Debit
1248,5/4/2025,1115,2057,404,0.0,1747.92,170,Online
1249,5/4/2025,1185,2004,403,0.0,2781.75,190,Debit
1250,5/4/2025,1132,2017,403,0.0,0,190,Credit
1251,5/4/2025,1076,2028,402,2.0,1020.7,0,Credit
1252,5/4/2025,1005,2098,403,1.0,3268.3,0,Credit
1253,5/4/2025,1024,2004,404,2.0,1483.6,10,Credit
1254,5/4/2025,1039,2017,403,2.0,370.96,90,Cash
1255,5/4/2025,1149,2031,402,2.0,904.48,70,Debit
1256,5/4/2025,1076,2011,404,1.0,737.53,150,Debit
1257,5/4/2025,1187,2009,403,3.0,198.93,120,Credit
1258,5/4/2025,1044,2062,401,2.0,495.49,160,Credit
1259,5/4/2025,1009,2093,404,0.0,0,20,Debit
1260,5/4/2025,1199,2007,403,2.0,1400.14,140,Cash
1261,5/4/2025,1111,2053,401,1.0,3294.81,60,Cash
1262,5/4/2025,1191,2083,401,3.0,768.16,70,Online
1263,5/4/2025,1013,2039,401,2.0,1562.3,60,Credit
1264,5/4/2025,1138,2072,402,2.0,672.48,160,Debit
1265,5/4/2025,1128,2089,402,1.0,744.34,100,Online
1266,5/4/2025,1012,2086,404,3.0,2682.3,10,Online
1267,5/4/2025,1192,2076,401,1.0,1450.93,170,Online
1268,5/4/2025,1110,2037,404,1.0,324.13,180,Debit
1269,5/4/2025,1033,2043,401,3.0,4367.25,140,Credit
1270,5/4/2025,1146,2095,401,3.0,1963.16,90,Credit
1271,5/4/2025,1067,2010,404,3.0,0,190,Online
1272,5/4/2025,1198,2089,402,1.0,744.34,10,Cash
1273,5/4/2025,1123,2071,402,3.0,1845.48,10,Credit
1274,5/4/2025,1101,2083,402,1.0,2074.03,0,Credit
1275,5/4/2025,1062,2009,403,3.0,66.31,150,Online
1276,5/4/2025,1082,2087,401,0.0,318.64,70,Cash
1277,5/4/2025,1171,2052,404,2.0,0,120,Online
1278,5/4/2025,1089,2024,403,2.0,298.25,20,Credit
1279,5/4/2025,1152,2083,401,2.0,1843.58,120,Debit
1280,5/4/2025,1043,2044,404,1.0,373.64,100,Credit
1281,5/4/2025,1112,2005,402,1.0,0,30,Debit
1282,5/4/2025,1175,2047,402,0.0,1004.94,60,Credit
1283,5/4/2025,1028,2094,401,1.0,888.03,160,Debit
1284,5/4/2025,1158,2018,403,0.0,2169.04,10,Cash
1285,5/4/2025,1087,2088,401,2.0,567.48,70,Debit
1286,5/4/2025,1115,2060,401,2.0,980.11,130,Debit
1287,5/4/2025,1053,2094,402,1.0,888.03,90,Credit
1288,5/4/2025,1139,2066,403,3.0,2580.3,160,Cash
1289,5/4/2025,1159,2093,402,0.0,0,10,Credit
1290,5/4/2025,1096,2074,401,2.0,1055.2,100,Cash
1291,5/4/2025,1043,2007,403,1.0,525.05,120,Credit
1292,5/4/2025,1178,2079,403,0.0,950.54,30,Credit
1293,5/4/2025,1119,2083,401,0.0,768.16,20,Credit
1294,5/4/2025,1099,2084,403,2.0,0,90,Cash
1295,5/4/2025,1027,2002,403,3.0,866,100,Cash
1296,5/4/2025,1059,2048,401,2.0,572.21,160,Debit
1297,5/4/2025,1124,2076,401,1.0,2176.39,110,Debit
1298,5/4/2025,1050,2064,404,0.0,1470.2,90,Online
1299,5/4/2025,1010,2031,403,2.0,1356.72,30,Debit
1300,5/4/2025,1125,2050,402,0.0,373.56,0,Debit
1301,5/4/2025,1088,2087,403,2.0,509.82,30,Online
1302,5/4/2025,1160,2038,402,2.0,2223.62,160,Debit
1303,5/4/2025,1015,2080,403,3.0,2496.78,150,Credit
1304,5/4/2025,1007,2071,403,1.0,553.64,190,Cash
1305,5/4/2025,1038,2043,404,1.0,786.1,40,Debit
1306,5/4/2025,1022,2093,404,1.0,2721.38,90,Credit
1307,5/4/2025,1106,2030,402,3.0,1019.82,90,Cash
1308,5/4/2025,1079,2077,403,3.0,561.83,190,Debit
1309,5/4/2025,1138,2016,402,1.0,872.15,70,Online
1310,5/4/2025,1148,2069,402,1.0,418.3,120,Cash
1311,5/4/2025,1079,2088,402,3.0,709.35,140,Debit
1312,5/4/2025,1197,2018,402,2.0,867.62,160,Credit
1313,5/4/2025,1017,2071,401,1.0,553.64,0,Online
1314,5/4/2025,1081,2018,401,2.0,867.62,130,Cash
1315,5/4/2025,1105,2052,403,3.0,731.26,140,Cash
1316,5/4/2025,1190,2081,403,1.0,0,10,Credit
1317,5/4/2025,1199,2024,401,1.0,223.69,120,Credit
1318,5/4/2025,1047,2003,403,1.0,346.66,30,Credit
1319,5/4/2025,1152,2029,402,0.0,27.02,170,Cash
1320,5/4/2025,1091,2010,404,1.0,210.17,160,Credit
1321,5/4/2025,1128,2077,404,2.0,0,70,Cash
1322,5/4/2025,1047,2049,404,3.0,0,170,Credit
1323,5/4/2025,1035,2020,402,1.0,676.49,130,Cash
1324,5/4/2025,1008,2052,401,2.0,585.01,20,Online
1325,5/4/2025,1105,2028,402,1.0,1148.29,50,Cash
1326,5/4/2025,1016,2022,404,3.0,2684.72,90,Online
1327,5/4/2025,1176,2041,404,1.0,1447.58,190,Debit
1328,5/4/2025,1109,2051,401,3.0,469.28,110,Credit
1329,5/4/2025,1184,2040,404,0.0,103.62,140,Cash
1330,5/4/2025,1133,2013,404,3.0,3741.44,20,Credit
1331,5/4/2025,1010,2031,404,0.0,1130.6,0,Credit
1332,5/4/2025,1142,2049,401,1.0,0,80,Online
1333,5/4/2025,1074,2056,404,2.0,839.55,20,Cash
1334,5/4/2025,1198,2036,404,1.0,392.36,110,Cash
1335,5/4/2025,1108,2037,401,1.0,648.25,140,Cash
1336,5/4/2025,1118,2082,404,0.0,799.8,0,Cash
1337,5/4/2025,1184,2064,401,1.0,264.64,150,Credit
1338,5/4/2025,1199,2074,402,3.0,1978.5,50,Debit
1339,5/4/2025,1105,2041,404,0.0,0,60,Credit
1340,5/4/2025,1045,2058,402,3.0,0,100,Online
1341,5/4/2025,1023,2032,403,1.0,1702.08,110,Credit
1342,5/4/2025,1183,2093,401,0.0,2267.82,180,Online
1343,5/4/2025,1029,2090,404,2.0,57.31,80,Cash
1344,5/4/2025,1021,2067,404,1.0,261.86,80,Cash
1345,5/4/2025,1096,2070,404,0.0,136.72,100,Online
1346,5/4/2025,1196,2021,403,1.0,751.87,50,Cash
1347,5/4/2025,1041,2018,402,0.0,1084.52,130,Debit
1348,5/4/2025,1107,2039,403,3.0,0,160,Debit
1349,5/4/2025,1073,2080,402,0.0,3329.04,170,Cash
1350,5/4/2025,1033,2025,401,2.0,671.09,160,Online
1351,5/4/2025,1003,2058,404,3.0,2000.25,110,Cash
1352,5/4/2025,1139,2000,404,1.0,1744.76,170,Credit
1353,5/4/2025,1055,2075,404,3.0,3122.56,90,Debit
1354,5/4/2025,1104,2056,401,0.0,1574.16,0,Credit
1355,5/4/2025,1062,2070,403,1.0,30.76,60,Debit
1356,5/4/2025,1012,2023,402,0.0,2818.62,150,Credit
1357,5/4/2025,1167,2044,401,1.0,560.47,70,Cash
1358,5/4/2025,1008,2085,403,2.0,0,180,Debit
1359,5/4/2025,1022,2006,401,3.0,990,130,Online
1360,5/4/2025,1045,2020,403,1.0,1352.99,80,Cash
1361,5/4/2025,1116,2095,403,0.0,981.58,30,Cash
1362,5/4/2025,1023,2098,403,2.0,1452.58,180,Credit
1363,5/4/2025,1094,2048,401,3.0,1072.89,0,Online
1364,5/4/2025,1140,2008,403,3.0,0,100,Debit
1365,5/4/2025,1034,2015,403,2.0,1079.95,160,Online
1366,5/4/2025,1134,2052,402,1.0,1316.27,120,Cash
1367,5/4/2025,1156,2007,401,0.0,1750.17,70,Credit
1368,5/4/2025,1123,2092,403,3.0,0,190,Credit
1369,5/4/2025,1155,2040,403,2.0,27.63,160,Online
1370,5/4/2025,1033,2078,404,3.0,568.04,160,Debit
1371,5/4/2025,1126,2023,402,2.0,2254.9,90,Debit
1372,5/4/2025,1049,2000,401,0.0,3877.24,110,Debit
1373,5/4/2025,1119,2080,401,1.0,0,150,Credit
1374,5/4/2025,1157,2053,404,0.0,1830.45,170,Debit
1375,5/4/2025,1085,2044,402,0.0,207.58,80,Online
1376,5/4/2025,1163,2025,403,2.0,447.39,0,Cash
1377,5/4/2025,1017,2039,403,2.0,3905.76,110,Cash
1378,5/4/2025,1196,2000,401,2.0,0,140,Credit
1379,5/4/2025,1087,2050,401,1.0,168.1,0,Cash
1380,5/4/2025,1049,2042,403,3.0,670.44,90,Online
1381,5/4/2025,1121,2004,402,3.0,3709,60,Online
1382,5/4/2025,1039,2080,404,2.0,665.81,0,Cash
1383,5/4/2025,1118,2052,401,2.0,0,10,Debit
1384,5/4/2025,1144,2092,403,0.0,1446.63,90,Debit
1385,5/4/2025,1053,2073,403,2.0,1198.63,70,Online
1386,5/4/2025,1016,2019,403,0.0,0,110,Debit
1387,5/4/2025,1086,2048,402,3.0,1072.89,60,Debit
1388,5/4/2025,1047,2076,401,2.0,0,10,Online
1389,5/4/2025,1180,2040,401,2.0,110.53,20,Credit
1390,5/4/2025,1105,2011,404,1.0,0,30,Credit
1391,5/4/2025,1095,2057,403,1.0,786.56,30,Online
1392,5/4/2025,1134,2038,402,0.0,926.51,130,Debit
1393,5/4/2025,1095,2004,402,0.0,0,40,Cash
1394,5/4/2025,1113,2064,401,3.0,294.04,100,Online
1395,5/4/2025,1128,2019,402,2.0,1494.29,190,Cash
1396,5/4/2025,1123,2093,403,2.0,3023.76,50,Debit
1397,5/4/2025,1036,2098,401,1.0,817.07,100,Cash
1398,5/4/2025,1052,2092,401,3.0,1928.84,90,Credit
1399,5/4/2025,1099,2091,401,0.0,905.79,50,Credit
1400,5/4/2025,1079,2005,401,2.0,1715.12,50,Debit
1401,5/4/2025,1119,2005,401,2.0,686.05,170,Debit
1402,5/4/2025,1005,2073,403,1.0,0,120,Online
1403,5/4/2025,1082,2025,402,2.0,223.7,170,Cash
1404,5/4/2025,1070,2068,403,3.0,2460.72,50,Credit
1405,5/4/2025,1171,2015,403,1.0,0,140,Credit
1406,5/4/2025,1040,2035,401,0.0,899.99,160,Online
1407,5/4/2025,1159,2071,401,1.0,1660.93,170,Cash
1408,5/4/2025,1138,2044,403,2.0,0,120,Credit
1409,5/4/2025,1036,2090,403,1.0,0,160,Online
1410,5/4/2025,1043,2009,403,2.0,106.1,80,Online
1411,5/4/2025,1138,2056,401,1.0,944.5,190,Cash
1412,5/4/2025,1007,2060,401,0.0,816.76,190,Debit
1413,5/4/2025,1098,2006,401,3.0,990,170,Credit
1414,5/4/2025,1100,2022,404,2.0,1610.83,190,Debit
1415,5/4/2025,1079,2042,402,0.0,167.61,150,Debit
1416,5/4/2025,1193,2097,404,1.0,2273.67,140,Credit
1417,5/4/2025,1023,2089,404,0.0,413.52,170,Online
1418,5/4/2025,1116,2039,404,3.0,3905.76,170,Online
1419,5/4/2025,1059,2028,402,2.0,1531.06,180,Credit
1420,5/4/2025,1093,2050,402,2.0,298.85,10,Debit
1421,5/4/2025,1083,2058,404,0.0,2000.25,170,Online
1422,5/4/2025,1016,2060,401,2.0,653.41,10,Credit
1423,5/4/2025,1122,2059,402,2.0,1228.92,0,Online
1424,5/4/2025,1196,2044,402,0.0,207.58,160,Credit
1425,5/4/2025,1103,2091,401,2.0,2173.9,190,Online
1426,5/4/2025,1142,2083,401,2.0,1229.06,80,Debit
1427,5/4/2025,1136,2059,404,3.0,2560.25,150,Credit
1428,5/4/2025,1061,2079,402,1.0,2566.46,140,Online
1429,5/4/2025,1123,2049,401,2.0,751.87,140,Debit
1430,5/4/2025,1053,2088,404,3.0,709.35,50,Debit
1431,5/4/2025,1145,2043,402,1.0,1572.21,10,Cash
1432,5/4/2025,1169,2085,401,3.0,1210.75,180,Online
1433,5/4/2025,1029,2075,404,2.0,1249.02,60,Credit
1434,5/4/2025,1142,2012,404,1.0,1682.61,190,Online
1435,5/4/2025,1078,2051,401,0.0,117.32,100,Debit
1436,5/4/2025,1175,2076,404,2.0,1289.71,180,Credit
1437,5/4/2025,1126,2082,401,0.0,1066.4,190,Online
1438,5/4/2025,1055,2017,401,1.0,1669.32,30,Online
1439,5/4/2025,1169,2019,404,2.0,747.14,20,Credit
1440,5/4/2025,1099,2078,404,1.0,383.43,180,Online
1441,5/4/2025,1052,2087,403,2.0,0,30,Credit
1442,5/4/2025,1145,2086,403,3.0,2682.3,170,Cash
1443,5/4/2025,1183,2044,401,0.0,1037.9,30,Online
1444,5/4/2025,1156,2065,404,1.0,423.31,50,Credit
1445,5/4/2025,1075,2007,403,0.0,1166.78,120,Credit
1446,5/4/2025,1000,2090,403,0.0,143.28,20,Credit
1447,5/4/2025,1072,2003,402,3.0,0,160,Online
1448,5/4/2025,1179,2075,404,2.0,1873.54,100,Cash
1449,5/4/2025,1182,2048,404,3.0,357.63,20,Cash
1450,5/4/2025,1111,2069,402,1.0,836.6,0,Cash
1451,5/4/2025,1121,2017,402,3.0,2782.2,190,Debit
1452,5/4/2025,1092,2053,402,2.0,1464.36,60,Online
1453,5/4/2025,1171,2016,402,0.0,646.04,120,Cash
1454,5/4/2025,1018,2082,401,1.0,0,0,Credit
1455,5/4/2025,1184,2062,404,1.0,1672.27,150,Cash
1456,5/4/2025,1021,2017,404,3.0,463.7,90,Debit
1457,5/4/2025,1178,2077,404,1.0,505.65,30,Credit
1458,5/4/2025,1116,2065,404,3.0,470.34,10,Cash
1459,5/4/2025,1098,2045,402,1.0,280.93,70,Debit
1460,5/4/2025,1108,2077,401,3.0,1685.49,110,Debit
1461,5/4/2025,1187,2030,403,3.0,509.91,160,Debit
1462,5/4/2025,1139,2073,403,0.0,499.43,190,Cash
1463,5/4/2025,1009,2072,404,2.0,0,180,Debit
1464,5/4/2025,1028,2074,404,0.0,3297.5,100,Credit
1465,5/4/2025,1036,2093,403,3.0,0,90,Online
1466,5/4/2025,1132,2010,401,1.0,0,100,Debit
1467,5/4/2025,1120,2080,401,2.0,665.81,150,Credit
1468,5/4/2025,1156,2006,403,0.0,198,130,Credit
1469,5/4/2025,1120,2058,404,2.0,1600.2,0,Credit
1470,5/4/2025,1107,2045,403,2.0,249.71,80,Debit
1471,5/4/2025,1042,2004,403,2.0,0,140,Online
1472,5/4/2025,1015,2080,404,1.0,749.03,120,Cash
1473,5/4/2025,1146,2006,403,0.0,792,130,Online
1474,5/4/2025,1073,2062,401,1.0,1114.85,100,Cash
1475,5/4/2025,1129,2009,403,2.0,0,90,Cash
1476,5/4/2025,1033,2078,403,2.0,340.82,10,Cash
1477,5/4/2025,1065,2001,401,1.0,371.12,180,Cash
1478,5/4/2025,1151,2094,402,3.0,493.35,20,Credit
1479,5/4/2025,1094,2022,403,1.0,0,110,Credit
1480,5/4/2025,1124,2023,401,2.0,2254.9,50,Cash
1481,5/4/2025,1021,2018,402,3.0,542.26,150,Debit
1482,5/4/2025,1192,2052,404,1.0,0,50,Cash
1483,5/4/2025,1169,2056,402,1.0,944.5,0,Credit
1484,5/4/2025,1147,2093,403,0.0,2267.82,140,Debit
1485,5/4/2025,1164,2033,401,0.0,836.25,60,Online
1486,5/4/2025,1042,2059,404,3.0,3072.3,160,Credit
1487,5/4/2025,1077,2060,402,3.0,1633.52,80,Credit
1488,5/4/2025,1174,2090,404,3.0,286.56,190,Cash
1489,5/4/2025,1067,2018,404,0.0,2169.04,40,Cash
1490,5/4/2025,1073,2057,404,2.0,349.58,150,Cash
1491,5/4/2025,1135,2087,401,0.0,318.64,80,Credit
1492,5/4/2025,1136,2081,403,3.0,2238.66,60,Online
1493,5/4/2025,1156,2083,403,2.0,1229.06,80,Online
1494,5/4/2025,1069,2034,401,2.0,217.87,30,Online
1495,5/4/2025,1167,2074,404,3.0,2638,160,Online
1496,5/4/2025,1197,2086,402,1.0,2414.07,80,Debit
1497,5/4/2025,1133,2043,402,2.0,1397.52,100,Online
1498,5/4/2025,1140,2001,401,0.0,1237.05,190,Cash
1499,5/4/2025,1003,2052,401,0.0,731.26,50,Cash
1500,5/4/2025,1175,2057,403,1.0,1179.85,120,Cash
1501,5/4/2025,1185,2036,403,1.0,980.91,60,Debit
1502,5/4/2025,1008,2003,401,0.0,0,10,Debit
1503,5/4/2025,1152,2084,402,0.0,281.85,150,Online
1504,5/4/2025,1181,2015,401,1.0,1214.95,0,Online
1505,5/4/2025,1096,2084,402,0.0,0,160,Debit
1506,5/4/2025,1178,2023,403,2.0,1503.26,180,Credit
1507,5/4/2025,1119,2084,401,3.0,0,110,Online
1508,5/4/2025,1070,2098,404,2.0,1452.58,180,Online
1509,5/4/2025,1065,2020,401,2.0,300.66,180,Cash
1510,5/4/2025,1198,2007,404,3.0,2333.56,20,Cash
1511,5/4/2025,1085,2007,403,2.0,933.42,140,Credit
1512,5/4/2025,1045,2056,401,3.0,3148.32,150,Cash
1513,5/4/2025,1051,2078,404,1.0,383.43,170,Credit
1514,5/4/2025,1165,2062,401,1.0,557.42,120,Online
1515,5/4/2025,1138,2098,404,1.0,817.07,130,Credit
1516,5/4/2025,1157,2082,401,3.0,1066.4,130,Credit
1517,5/4/2025,1183,2033,401,0.0,0,30,Credit
1518,5/4/2025,1018,2009,403,3.0,0,70,Cash
1519,5/4/2025,1004,2063,402,0.0,552.46,170,Online
1520,5/4/2025,1009,2085,404,2.0,193.72,80,Credit
1521,5/4/2025,1038,2089,403,3.0,1240.56,60,Cash
1522,5/4/2025,1147,2000,404,3.0,4846.55,150,Online
1523,5/4/2025,1111,2051,401,1.0,211.18,70,Online
1524,5/4/2025,1000,2049,404,0.0,5639.04,160,Online
1525,5/4/2025,1145,2068,403,2.0,656.19,0,Online
1526,5/4/2025,1174,2038,404,0.0,1853.02,60,Online
1527,5/4/2025,1161,2082,401,2.0,213.28,50,Online
1528,5/4/2025,1136,2043,401,3.0,3493.8,110,Cash
1529,5/4/2025,1194,2098,403,1.0,2451.22,30,Cash
1530,5/4/2025,1045,2070,401,3.0,102.54,180,Credit
1531,5/4/2025,1169,2024,403,3.0,621.35,50,Online
1532,5/4/2025,1027,2080,403,3.0,2496.78,90,Cash
1533,5/4/2025,1021,2080,404,1.0,2247.1,90,Online
1534,5/4/2025,1035,2004,402,0.0,1854.5,100,Online
1535,5/4/2025,1184,2075,402,3.0,2341.92,50,Cash
1536,5/4/2025,1099,2008,403,3.0,66.59,40,Debit
1537,5/4/2025,1136,2057,401,0.0,1310.94,90,Online
1538,5/4/2025,1086,2007,403,0.0,1750.17,160,Credit
1539,5/4/2025,1103,2015,402,3.0,2024.91,150,Online
1540,5/4/2025,1173,2068,402,1.0,0,140,Debit
1541,5/4/2025,1018,2004,402,3.0,927.25,20,Debit
1542,5/4/2025,1167,2002,404,0.0,866,0,Cash
1543,5/4/2025,1062,2089,402,0.0,2067.6,40,Online
1544,5/4/2025,1044,2080,401,2.0,665.81,180,Cash
1545,5/4/2025,1024,2058,402,0.0,2000.25,100,Cash
1546,5/4/2025,1027,2014,404,1.0,443.34,160,Cash
1547,5/4/2025,1016,2025,404,2.0,671.09,150,Credit
1548,5/4/2025,1188,2086,404,2.0,2861.12,60,Credit
1549,5/4/2025,1030,2087,402,2.0,382.37,50,Credit
1550,5/4/2025,1054,2097,401,1.0,2273.67,0,Debit
1551,5/4/2025,1085,2008,401,2.0,106.54,40,Debit
1552,5/4/2025,1036,2096,404,1.0,1814.89,180,Debit
1553,5/4/2025,1178,2047,402,3.0,1004.94,120,Debit
1554,5/4/2025,1062,2074,401,1.0,1187.1,110,Credit
1555,5/4/2025,1025,2080,404,1.0,3745.17,100,Credit
1556,5/4/2025,1004,2062,401,0.0,2477.44,160,Online
1557,5/4/2025,1001,2022,401,2.0,536.94,60,Cash
1558,5/4/2025,1106,2088,404,1.0,1276.83,70,Credit
1559,5/4/2025,1052,2018,403,3.0,2169.04,90,Online
1560,5/4/2025,1105,2030,402,0.0,339.94,0,Debit
1561,5/4/2025,1152,2023,404,0.0,1879.08,30,Credit
1562,5/4/2025,1160,2038,403,3.0,0,190,Credit
1563,5/4/2025,1001,2071,402,1.0,1660.93,40,Credit
1564,5/4/2025,1030,2067,401,2.0,465.52,50,Cash
1565,5/4/2025,1194,2069,402,3.0,929.56,60,Cash
1566,5/4/2025,1197,2080,402,2.0,1331.62,0,Credit
1567,5/4/2025,1013,2024,401,1.0,335.53,140,Credit
1568,5/4/2025,1175,2060,404,1.0,735.08,30,Credit
1569,5/4/2025,1040,2085,401,0.0,484.3,110,Credit
1570,5/4/2025,1165,2046,403,1.0,60.17,70,Debit
1571,5/4/2025,1111,2032,403,3.0,3782.4,60,Cash
1572,5/4/2025,1011,2013,401,1.0,1683.65,10,Cash
1573,5/4/2025,1040,2003,404,0.0,385.18,150,Credit
1574,5/4/2025,1018,2030,404,2.0,135.98,140,Credit
1575,5/4/2025,1107,2025,403,1.0,754.97,110,Credit
1576,5/4/2025,1199,2014,403,1.0,0,50,Credit
1577,5/4/2025,1025,2030,404,1.0,0,20,Cash
1578,5/4/2025,1096,2028,401,3.0,2551.76,170,Credit
1579,5/4/2025,1149,2062,401,3.0,1858.08,30,Credit
1580,5/4/2025,1037,2027,404,1.0,465.5,0,Debit
1581,5/4/2025,1099,2047,402,3.0,0,120,Online
1582,5/4/2025,1184,2024,403,2.0,198.83,90,Cash
1583,5/4/2025,1051,2042,402,0.0,167.61,130,Cash
1584,5/4/2025,1177,2072,401,2.0,672.48,70,Cash
1585,5/4/2025,1034,2014,404,3.0,985.2,120,Credit
1586,5/4/2025,1107,2021,403,1.0,751.87,40,Online
1587,5/4/2025,1075,2077,402,1.0,2528.24,190,Debit
1588,5/4/2025,1147,2070,402,0.0,34.18,140,Cash
1589,5/4/2025,1105,2066,404,1.0,928.91,180,Online
1590,5/4/2025,1151,2060,404,2.0,653.41,140,Cash
1591,5/4/2025,1003,2093,404,1.0,680.35,70,Cash
1592,5/4/2025,1063,2041,404,1.0,2171.37,70,Credit
1593,5/4/2025,1151,2019,401,3.0,933.93,130,Cash
1594,5/4/2025,1011,2005,404,0.0,428.78,160,Online
1595,5/4/2025,1108,2067,404,3.0,290.95,100,Debit
1596,5/4/2025,1178,2012,404,3.0,623.19,140,Credit
1597,5/4/2025,1061,2010,401,3.0,389.2,140,Debit
1598,5/4/2025,1055,2016,403,2.0,0,40,Cash
1599,5/4/2025,1061,2082,401,0.0,266.6,0,Cash
1600,5/4/2025,1122,2085,403,1.0,217.94,100,Online
1601,5/4/2025,1180,2058,401,3.0,666.75,30,Cash
1602,5/4/2025,1118,2098,402,3.0,907.86,180,Debit
1603,5/4/2025,1047,2047,404,0.0,334.98,150,Online
1604,5/4/2025,1160,2009,404,2.0,0,180,Credit
1605,5/4/2025,1135,2004,403,3.0,3709,150,Cash
1606,5/4/2025,1192,2034,402,0.0,0,60,Credit
1607,5/4/2025,1158,2042,401,2.0,402.26,130,Cash
1608,5/4/2025,1013,2014,404,2.0,197.04,130,Debit
1609,5/4/2025,1119,2079,401,2.0,4562.59,190,Online
1610,5/4/2025,1093,2022,401,1.0,604.06,140,Cash
1611,5/4/2025,1035,2042,402,0.0,335.22,140,Online
1612,5/4/2025,1166,2061,402,1.0,179.93,180,Online
1613,5/4/2025,1082,2045,403,3.0,312.14,40,Credit
1614,5/4/2025,1070,2006,401,2.0,633.6,20,Credit
1615,5/4/2025,1088,2057,404,0.0,436.98,180,Credit
1616,5/4/2025,1120,2090,403,3.0,214.92,20,Online
1617,5/4/2025,1158,2047,401,1.0,904.45,80,Online
1618,5/4/2025,1117,2011,401,3.0,0,30,Online
1619,5/4/2025,1045,2036,401,0.0,217.98,170,Credit
1620,5/4/2025,1042,2035,401,1.0,809.99,180,Online
1621,5/4/2025,1127,2019,402,0.0,933.93,150,Debit
1622,5/4/2025,1075,2053,402,3.0,2440.6,160,Credit
1623,5/4/2025,1088,2053,404,0.0,610.15,120,Cash
1624,5/4/2025,1074,2024,401,0.0,248.54,130,Debit
1625,5/4/2025,1059,2066,403,3.0,2064.24,30,Credit
1626,5/4/2025,1148,2043,403,3.0,873.45,30,Debit
1627,5/4/2025,1151,2085,404,3.0,726.45,90,Cash
1628,5/4/2025,1077,2072,402,2.0,1008.72,90,Debit
1629,5/4/2025,1043,2033,402,3.0,836.25,50,Debit
1630,5/4/2025,1095,2036,401,1.0,392.36,150,Debit
1631,5/4/2025,1090,2036,404,1.0,588.55,170,Debit
1632,5/4/2025,1158,2020,403,1.0,676.49,150,Cash
1633,5/4/2025,1044,2090,402,1.0,0,130,Cash
1634,5/4/2025,1060,2014,401,2.0,591.12,150,Cash
1635,5/4/2025,1147,2016,404,2.0,516.83,120,Debit
1636,5/4/2025,1094,2023,402,0.0,1879.08,90,Cash
1637,5/4/2025,1170,2040,403,1.0,0,190,Cash
1638,5/4/2025,1095,2057,402,2.0,349.58,140,Credit
1639,5/4/2025,1031,2003,404,3.0,0,180,Credit
1640,5/4/2025,1196,2018,404,2.0,433.81,130,Debit
1641,5/4/2025,1039,2000,403,2.0,775.45,180,Online
1642,5/4/2025,1121,2037,402,3.0,1080.42,50,Credit
1643,5/4/2025,1086,2088,401,3.0,2837.4,80,Online
1644,5/4/2025,1010,2017,401,2.0,1112.88,30,Debit
1645,5/4/2025,1006,2051,402,3.0,351.96,70,Credit
1646,5/4/2025,1091,2011,403,0.0,819.48,30,Debit
1647,5/4/2025,1155,2082,402,1.0,959.76,160,Online
1648,5/4/2025,1005,2098,403,1.0,817.07,60,Debit
1649,5/4/2025,1005,2010,404,0.0,233.52,30,Debit
1650,5/4/2025,1131,2050,402,3.0,747.12,0,Credit
1651,5/4/2025,1081,2077,401,2.0,1797.86,150,Credit
1652,5/4/2025,1101,2018,404,2.0,867.62,140,Credit
1653,5/4/2025,1098,2047,401,2.0,1071.94,90,Credit
1654,5/4/2025,1088,2044,403,3.0,830.32,10,Online
1655,5/4/2025,1143,2011,402,3.0,1229.22,40,Online
1656,5/4/2025,1189,2053,404,2.0,1464.36,150,Cash
1657,5/4/2025,1041,2093,404,3.0,2267.82,60,Debit
1658,5/4/2025,1035,2075,401,1.0,1405.15,160,Credit
1659,5/4/2025,1053,2038,404,2.0,2964.83,150,Debit
1660,5/4/2025,1016,2075,404,0.0,3122.56,90,Debit
1661,5/4/2025,1001,2052,403,3.0,731.26,100,Debit
1662,5/4/2025,1044,2071,404,1.0,553.64,30,Debit
1663,5/4/2025,1051,2023,404,2.0,0,80,Credit
1664,5/4/2025,1141,2062,401,2.0,1486.46,50,Debit
1665,5/4/2025,1149,2038,404,3.0,926.51,150,Debit
1666,5/4/2025,1057,2003,401,1.0,2079.97,170,Online
1667,5/4/2025,1067,2038,404,0.0,926.51,160,Credit
1668,5/4/2025,1167,2085,403,3.0,242.15,0,Credit
1669,5/4/2025,1045,2062,402,0.0,1858.08,10,Online
1670,5/4/2025,1030,2097,403,3.0,3368.4,170,Credit
1671,5/4/2025,1017,2076,403,3.0,0,110,Credit
1672,5/4/2025,1144,2055,403,3.0,161.82,100,Online
1673,5/4/2025,1177,2015,403,0.0,674.97,60,Credit
1674,5/4/2025,1066,2020,401,1.0,1014.74,110,Credit
1675,5/4/2025,1081,2059,402,2.0,409.64,30,Credit
1676,5/4/2025,1041,2006,403,2.0,475.2,0,Credit
1677,5/4/2025,1107,2081,403,0.0,3731.1,50,Cash
1678,5/4/2025,1074,2037,401,1.0,0,130,Debit
1679,5/4/2025,1196,2080,402,0.0,832.26,30,Credit
1680,5/4/2025,1153,2096,402,2.0,1075.49,80,Debit
1681,5/4/2025,1080,2087,403,2.0,127.46,190,Online
1682,5/4/2025,1175,2089,403,0.0,2067.6,40,Credit
1683,5/4/2025,1136,2074,403,1.0,593.55,110,Credit
1684,5/4/2025,1003,2017,403,2.0,1112.88,110,Cash
1685,5/4/2025,1199,2062,404,2.0,990.98,90,Credit
1686,5/4/2025,1041,2013,402,1.0,1683.65,180,Cash
1687,5/4/2025,1128,2028,402,0.0,0,170,Online
1688,5/4/2025,1106,2058,401,0.0,1333.5,120,Debit
1689,5/4/2025,1033,2002,404,2.0,1385.6,110,Online
1690,5/4/2025,1079,2088,403,1.0,2553.66,60,Credit
1691,5/4/2025,1113,2076,403,1.0,0,0,Online
1692,5/4/2025,1181,2038,401,0.0,2779.53,90,Cash
1693,5/4/2025,1056,2016,402,1.0,872.15,80,Cash
1694,5/4/2025,1078,2016,402,1.0,872.15,80,Debit
1695,5/4/2025,1020,2054,401,0.0,1801.02,80,Credit
1696,5/4/2025,1004,2099,404,3.0,0,130,Online
1697,5/4/2025,1010,2025,401,0.0,559.24,130,Credit
1698,5/4/2025,1168,2065,401,3.0,1411.02,70,Credit
1699,5/4/2025,1030,2032,401,0.0,945.6,90,Credit
1700,5/4/2025,1077,2085,401,0.0,0,10,Cash
1701,5/4/2025,1005,2015,402,1.0,0,30,Cash
1702,5/4/2025,1047,2085,403,0.0,242.15,0,Online
1703,5/4/2025,1023,2018,403,2.0,0,90,Credit
1704,5/4/2025,1090,2020,402,0.0,751.66,70,Cash
1705,5/4/2025,1025,2074,401,1.0,593.55,30,Credit
1706,5/4/2025,1183,2024,403,1.0,335.53,100,Debit
1707,5/4/2025,1193,2068,401,0.0,820.24,30,Online
1708,5/4/2025,1054,2064,404,2.0,235.23,180,Cash
1709,5/4/2025,1178,2075,402,3.0,5464.48,100,Online
1710,5/4/2025,1172,2013,402,2.0,2244.86,190,Cash
1711,5/4/2025,1097,2054,402,1.0,810.46,0,Debit
1712,5/4/2025,1104,2014,403,0.0,246.3,130,Cash
1713,5/4/2025,1119,2014,402,3.0,1231.5,100,Online
1714,5/4/2025,1195,2046,403,0.0,100.29,10,Online
1715,5/4/2025,1021,2041,404,0.0,0,180,Debit
1716,5/4/2025,1098,2036,404,2.0,0,110,Credit
1717,5/4/2025,1175,2056,402,3.0,2098.88,90,Debit
1718,5/4/2025,1074,2054,402,0.0,2701.53,160,Credit
1719,5/4/2025,1121,2086,403,1.0,3218.76,70,Cash
1720,5/4/2025,1003,2086,404,0.0,1788.2,40,Debit
1721,5/4/2025,1101,2056,401,0.0,524.72,50,Online
1722,5/4/2025,1036,2050,404,0.0,747.12,50,Credit
1723,5/4/2025,1189,2021,401,2.0,1336.66,0,Online
1724,5/4/2025,1050,2043,402,3.0,873.45,60,Online
1725,5/4/2025,1031,2029,404,3.0,40.53,180,Credit
1726,5/4/2025,1071,2097,403,3.0,2526.3,180,Cash
1727,5/4/2025,1091,2060,404,3.0,1225.14,140,Online
1728,5/4/2025,1130,2035,402,3.0,899.99,190,Cash
1729,5/4/2025,1027,2015,403,3.0,0,130,Credit
1730,5/4/2025,1127,2029,402,0.0,40.53,0,Online
1731,5/4/2025,1025,2094,401,0.0,1973.4,160,Credit
1732,5/4/2025,1127,2086,401,1.0,4828.14,80,Debit
1733,5/4/2025,1097,2077,403,1.0,2022.59,10,Debit
1734,5/4/2025,1077,2079,401,0.0,1901.08,70,Cash
1735,5/4/2025,1169,2096,404,3.0,672.18,140,Online
1736,5/4/2025,1051,2037,404,3.0,1800.7,10,Online
1737,5/4/2025,1129,2033,403,0.0,1672.5,50,Online
1738,5/4/2025,1195,2004,404,0.0,2781.75,0,Credit
1739,5/4/2025,1098,2057,403,3.0,1310.94,60,Credit
1740,5/4/2025,1113,2058,401,0.0,2000.25,0,Debit
1741,5/4/2025,1045,2071,403,1.0,0,30,Debit
1742,5/4/2025,1125,2055,402,2.0,86.3,110,Online
1743,5/4/2025,1183,2049,404,0.0,1879.68,150,Credit
1744,5/4/2025,1145,2086,404,3.0,2682.3,80,Online
1745,5/4/2025,1121,2071,402,0.0,1845.48,70,Debit
1746,5/4/2025,1100,2033,404,3.0,2508.75,60,Debit
1747,5/4/2025,1157,2086,403,2.0,1430.56,80,Cash
1748,5/4/2025,1082,2007,401,0.0,1750.17,150,Credit
1749,5/4/2025,1032,2046,403,0.0,167.15,130,Online
1750,5/4/2025,1195,2080,403,3.0,3329.04,30,Debit
1751,5/4/2025,1024,2054,403,2.0,0,160,Credit
1752,5/4/2025,1105,2044,401,1.0,373.64,50,Credit
1753,5/4/2025,1063,2030,403,0.0,509.91,90,Online
1754,5/4/2025,1176,2008,403,0.0,133.18,170,Cash
1755,5/4/2025,1086,2021,401,2.0,2004.98,70,Credit
1756,5/4/2025,1009,2058,404,3.0,2000.25,160,Online
1757,5/4/2025,1068,2002,404,0.0,0,180,Credit
1758,5/4/2025,1081,2048,404,2.0,572.21,140,Cash
1759,5/4/2025,1146,2012,404,0.0,623.19,140,Debit
1760,5/4/2025,1176,2086,402,2.0,1430.56,10,Credit
1761,5/4/2025,1127,2064,403,1.0,529.27,140,Online
1762,5/4/2025,1157,2038,403,3.0,4632.55,130,Debit
1763,5/4/2025,1051,2063,401,1.0,0,120,Credit
1764,5/4/2025,1073,2033,401,2.0,1338,100,Online
1765,5/4/2025,1146,2051,402,0.0,0,160,Credit
1766,5/4/2025,1183,2074,401,2.0,0,160,Debit
1767,5/4/2025,1069,2008,404,3.0,66.59,140,Cash
1768,5/4/2025,1053,2044,401,2.0,332.13,190,Online
1769,5/4/2025,1129,2038,404,2.0,0,0,Cash
1770,5/4/2025,1051,2053,404,2.0,488.12,50,Online
1771,5/4/2025,1159,2065,404,1.0,1693.22,50,Online
1772,5/4/2025,1004,2080,402,3.0,3329.04,80,Credit
1773,5/4/2025,1054,2084,404,2.0,901.92,20,Cash
1774,5/4/2025,1163,2068,404,0.0,1640.48,180,Debit
1775,5/4/2025,1133,2025,403,3.0,838.86,70,Debit
1776,5/4/2025,1037,2030,402,2.0,271.95,60,Debit
1777,5/4/2025,1111,2052,403,0.0,731.26,20,Credit
1778,5/4/2025,1162,2026,404,2.0,169.25,160,Online
1779,5/4/2025,1073,2082,402,2.0,213.28,60,Debit
1780,5/4/2025,1175,2076,402,3.0,806.07,190,Online
1781,5/4/2025,1061,2014,402,1.0,665.01,120,Online
1782,5/4/2025,1007,2031,403,3.0,1695.9,40,Online
1783,5/4/2025,1124,2071,404,3.0,1845.48,190,Credit
1784,5/4/2025,1165,2004,402,1.0,1669.05,90,Credit
1785,5/4/2025,1069,2017,401,2.0,0,140,Online
1786,5/4/2025,1071,2084,402,0.0,281.85,40,Cash
1787,5/4/2025,1184,2062,401,0.0,2477.44,100,Cash
1788,5/4/2025,1021,2040,403,0.0,69.08,40,Cash
1789,5/4/2025,1104,2046,401,3.0,167.15,100,Debit
1790,5/4/2025,1185,2017,402,0.0,1854.8,150,Online
1791,5/4/2025,1146,2094,401,2.0,789.36,40,Online
1792,5/4/2025,1127,2011,402,0.0,409.74,100,Debit
1793,5/4/2025,1197,2040,403,3.0,138.16,120,Credit
1794,5/4/2025,1191,2095,402,3.0,1963.16,20,Cash
1795,5/4/2025,1055,2018,401,1.0,488.03,140,Online
1796,5/4/2025,1054,2035,404,3.0,899.99,190,Credit
1797,5/4/2025,1065,2075,401,3.0,3903.2,10,Online
1798,5/4/2025,1136,2047,401,2.0,267.98,180,Online
1799,5/4/2025,1139,2054,404,1.0,3241.84,60,Debit
1800,5/4/2025,1071,2018,403,3.0,0,170,Credit
1801,5/4/2025,1183,2047,403,0.0,1004.94,160,Cash
1802,5/4/2025,1165,2077,401,0.0,1685.49,0,Debit
1803,5/4/2025,1176,2085,402,2.0,581.16,60,Debit
1804,5/4/2025,1141,2049,403,2.0,1503.74,160,Debit
1805,5/4/2025,1175,2015,402,3.0,674.97,20,Online
1806,5/4/2025,1099,2001,404,2.0,0,100,Credit
1807,5/4/2025,1077,2011,402,2.0,655.58,140,Credit
1808,5/4/2025,1053,2020,404,2.0,601.33,120,Online
1809,5/4/2025,1196,2082,404,0.0,533.2,100,Credit
1810,5/4/2025,1070,2010,404,3.0,311.36,30,Debit
1811,5/4/2025,1188,2052,403,3.0,2925.04,160,Cash
1812,5/4/2025,1025,2020,403,0.0,375.83,10,Credit
1813,5/4/2025,1090,2053,403,3.0,1830.45,80,Debit
1814,5/4/2025,1177,2003,401,1.0,346.66,160,Credit
1815,5/4/2025,1161,2056,402,0.0,1049.44,50,Online
1816,5/4/2025,1102,2025,403,2.0,0,40,Debit
1817,5/4/2025,1147,2010,401,1.0,70.06,30,Debit
1818,5/4/2025,1063,2066,402,3.0,516.06,120,Debit
1819,5/4/2025,1081,2057,404,1.0,786.56,130,Online
1820,5/4/2025,1066,2022,403,2.0,536.94,30,Debit
1821,5/4/2025,1050,2010,404,2.0,62.27,60,Cash
1822,5/4/2025,1046,2050,404,1.0,336.2,190,Debit
1823,5/4/2025,1005,2002,402,0.0,3464,70,Credit
1824,5/4/2025,1118,2025,403,1.0,0,190,Debit
1825,5/4/2025,1012,2051,404,2.0,93.86,90,Cash
1826,5/4/2025,1038,2011,403,1.0,1475.06,100,Debit
1827,5/4/2025,1145,2015,401,3.0,2024.91,40,Debit
1828,5/4/2025,1197,2058,404,0.0,666.75,0,Debit
1829,5/4/2025,1057,2091,402,1.0,815.21,170,Online
1830,5/4/2025,1005,2034,403,3.0,544.68,160,Credit
1831,5/4/2025,1097,2016,404,1.0,290.72,190,Credit
1832,5/4/2025,1153,2027,403,1.0,698.25,170,Credit
1833,5/4/2025,1107,2023,404,1.0,2536.76,130,Online
1834,5/4/2025,1007,2037,403,1.0,648.25,20,Online
1835,5/4/2025,1158,2057,402,2.0,699.17,20,Cash
1836,5/4/2025,1149,2087,404,0.0,637.28,110,Credit
1837,5/4/2025,1002,2060,402,2.0,326.7,30,Debit
1838,5/4/2025,1177,2050,402,3.0,186.78,140,Credit
1839,5/4/2025,1181,2054,403,0.0,1801.02,20,Credit
1840,5/4/2025,1024,2071,401,0.0,615.16,150,Online
1841,5/4/2025,1085,2030,404,2.0,407.93,180,Credit
1842,5/4/2025,1155,2085,401,0.0,726.45,50,Cash
1843,5/4/2025,1064,2064,404,2.0,940.93,70,Cash
1844,5/4/2025,1101,2085,403,1.0,217.94,10,Credit
1845,5/4/2025,1143,2005,402,2.0,343.02,20,Online
1846,5/4/2025,1043,2064,404,2.0,235.23,0,Credit
1847,5/4/2025,1119,2016,401,2.0,258.42,30,Cash
1848,5/4/2025,1181,2067,404,1.0,523.71,90,Debit
1849,5/4/2025,1066,2014,403,0.0,0,180,Credit
1850,5/4/2025,1032,2063,403,2.0,441.97,30,Cash
1851,5/4/2025,1110,2036,403,2.0,348.77,180,Cash
1852,5/4/2025,1132,2040,404,1.0,124.34,130,Credit
1853,5/4/2025,1080,2094,404,1.0,0,160,Online
1854,5/4/2025,1142,2084,404,0.0,0,90,Cash
1855,5/4/2025,1048,2019,401,1.0,840.54,70,Cash
1856,5/4/2025,1046,2004,404,2.0,741.8,20,Cash
1857,5/4/2025,1041,2090,404,3.0,358.2,40,Debit
1858,5/4/2025,1029,2063,401,3.0,1657.38,90,Credit
1859,5/4/2025,1091,2090,404,3.0,214.92,10,Debit
1860,5/4/2025,1126,2014,402,0.0,492.6,150,Online
1861,5/4/2025,1089,2011,402,2.0,1638.96,0,Cash
1862,5/4/2025,1046,2021,403,1.0,2255.61,70,Credit
1863,5/4/2025,1149,2000,402,3.0,4846.55,0,Online
1864,5/4/2025,1019,2031,404,0.0,1695.9,90,Cash
1865,5/4/2025,1084,2003,403,0.0,0,120,Cash
1866,5/4/2025,1100,2047,401,2.0,803.95,30,Cash
1867,5/4/2025,1039,2003,401,3.0,1155.54,100,Credit
1868,5/4/2025,1181,2084,404,3.0,1127.4,180,Debit
1869,5/4/2025,1160,2034,401,2.0,326.81,180,Cash
1870,5/4/2025,1011,2083,404,2.0,614.53,50,Cash
1871,5/4/2025,1187,2093,402,1.0,680.35,30,Cash
1872,5/4/2025,1012,2082,403,2.0,853.12,110,Credit
1873,5/4/2025,1014,2095,401,3.0,0,40,Debit
1874,5/4/2025,1023,2051,403,1.0,211.18,190,Credit
1875,5/4/2025,1061,2098,404,0.0,2723.58,100,Debit
1876,5/4/2025,1005,2026,402,3.0,211.56,90,Credit
1877,5/4/2025,1199,2051,403,1.0,0,40,Online
1878,5/4/2025,1030,2038,404,3.0,3706.04,0,Credit
1879,5/4/2025,1188,2039,402,2.0,1562.3,70,Debit
1880,5/4/2025,1170,2012,403,1.0,560.87,30,Cash
1881,5/4/2025,1125,2057,404,3.0,1310.94,140,Cash
1882,5/4/2025,1068,2072,404,0.0,420.3,70,Debit
1883,5/4/2025,1193,2054,403,1.0,0,150,Cash
1884,5/4/2025,1111,2080,404,0.0,1664.52,0,Debit
1885,5/4/2025,1010,2065,403,3.0,0,140,Cash
1886,5/4/2025,1173,2028,402,3.0,2551.76,80,Credit
1887,5/4/2025,1134,2080,401,2.0,1331.62,170,Cash
1888,5/4/2025,1119,2055,401,3.0,269.7,40,Credit
1889,5/4/2025,1076,2019,402,2.0,747.14,80,Online
1890,5/4/2025,1063,2066,404,2.0,0,190,Credit
1891,5/4/2025,1145,2006,401,0.0,0,140,Online
1892,5/4/2025,1131,2013,404,3.0,4676.8,40,Debit
1893,5/4/2025,1024,2059,403,2.0,0,150,Cash
1894,5/4/2025,1065,2074,401,0.0,3297.5,150,Online
1895,5/4/2025,1029,2094,404,1.0,0,90,Credit
1896,5/4/2025,1046,2050,401,0.0,560.34,130,Cash
1897,5/4/2025,1106,2090,403,2.0,114.62,160,Credit
1898,5/4/2025,1150,2092,404,3.0,482.21,160,Credit
1899,5/4/2025,1159,2033,403,1.0,752.62,50,Debit
1900,5/4/2025,1054,2023,401,2.0,751.63,130,Cash
1901,5/4/2025,1172,2013,404,0.0,1870.72,50,Debit
1902,5/4/2025,1001,2050,401,0.0,560.34,150,Debit
1903,5/4/2025,1043,2083,404,3.0,2304.48,40,Cash
1904,5/4/2025,1177,2051,404,2.0,281.57,170,Credit
1905,5/4/2025,1158,2078,403,3.0,568.04,140,Debit
1906,5/4/2025,1077,2011,402,1.0,368.77,100,Debit
1907,5/4/2025,1003,2024,401,0.0,248.54,100,Cash
1908,5/4/2025,1178,2024,401,1.0,223.69,50,Cash
1909,5/4/2025,1123,2083,402,1.0,1382.69,50,Debit
1910,5/4/2025,1111,2080,402,0.0,3329.04,180,Debit
1911,5/4/2025,1077,2098,404,1.0,817.07,140,Online
1912,5/4/2025,1121,2054,401,0.0,0,0,Credit
1913,5/4/2025,1042,2019,404,3.0,933.93,70,Debit
1914,5/4/2025,1120,2002,404,1.0,1558.8,10,Debit
1915,5/4/2025,1051,2037,404,0.0,0,100,Online
1916,5/4/2025,1085,2001,401,3.0,412.35,100,Credit
1917,5/4/2025,1106,2063,403,0.0,0,130,Credit
1918,5/4/2025,1124,2051,404,3.0,351.96,60,Debit
1919,5/4/2025,1059,2091,401,0.0,1811.58,100,Credit
1920,5/4/2025,1108,2073,403,0.0,1498.29,30,Debit
1921,5/4/2025,1068,2082,404,3.0,0,90,Debit
1922,5/4/2025,1029,2063,403,3.0,3314.76,190,Debit
1923,5/4/2025,1178,2055,401,1.0,242.73,80,Cash
1924,5/4/2025,1073,2092,402,3.0,482.21,100,Cash
1925,5/4/2025,1088,2056,402,1.0,1888.99,180,Cash
1926,5/4/2025,1150,2087,403,3.0,477.96,150,Credit
1927,5/4/2025,1033,2037,404,3.0,1440.56,90,Cash
1928,5/4/2025,1172,2083,403,3.0,2304.48,10,Credit
1929,5/4/2025,1041,2079,402,2.0,2281.3,40,Credit
1930,5/4/2025,1176,2095,401,3.0,1472.37,120,Online
1931,5/4/2025,1033,2022,402,1.0,1208.12,0,Cash
1932,5/4/2025,1155,2062,401,3.0,1858.08,70,Debit
1933,5/4/2025,1126,2038,402,1.0,1667.72,20,Online
1934,5/4/2025,1142,2006,401,2.0,0,120,Cash
1935,5/4/2025,1066,2045,402,1.0,1123.7,40,Credit
1936,5/4/2025,1128,2004,401,2.0,2967.2,90,Debit
1937,5/4/2025,1110,2014,402,0.0,246.3,70,Online
1938,5/4/2025,1143,2028,404,2.0,1531.06,90,Cash
1939,5/4/2025,1087,2045,401,2.0,0,50,Credit
1940,5/4/2025,1038,2088,401,0.0,1418.7,160,Online
1941,5/4/2025,1112,2058,401,0.0,0,110,Credit
1942,5/4/2025,1005,2078,401,0.0,426.03,10,Online
1943,5/4/2025,1129,2013,402,0.0,1870.72,150,Cash
1944,5/4/2025,1052,2046,402,2.0,26.74,30,Debit
1945,5/4/2025,1181,2056,404,0.0,0,90,Credit
1946,5/4/2025,1039,2082,403,2.0,0,150,Online
1947,5/4/2025,1035,2015,402,3.0,3374.85,90,Debit
1948,5/4/2025,1106,2098,401,1.0,1634.15,170,Debit
1949,5/4/2025,1121,2043,403,1.0,1572.21,10,Credit
1950,5/4/2025,1021,2034,403,3.0,544.68,150,Online
1951,5/4/2025,1092,2080,402,1.0,3745.17,90,Debit
1952,5/4/2025,1192,2096,404,1.0,1814.89,100,Online
1953,5/4/2025,1035,2054,404,3.0,0,10,Debit
1954,5/4/2025,1117,2066,403,0.0,0,70,Debit
1955,5/4/2025,1113,2018,401,0.0,1084.52,30,Debit
1956,5/4/2025,1021,2043,403,3.0,2620.35,150,Online
1957,5/4/2025,1197,2021,404,0.0,1670.82,130,Debit
1958,5/4/2025,1100,2097,401,1.0,2273.67,90,Online
1959,5/4/2025,1147,2007,403,3.0,0,110,Credit
1960,5/4/2025,1102,2087,403,2.0,0,40,Debit
1961,5/4/2025,1088,2001,403,1.0,1113.34,160,Credit
1962,5/4/2025,1179,2051,404,1.0,211.18,10,Online
1963,5/4/2025,1139,2079,404,2.0,2281.3,100,Debit
1964,5/4/2025,1005,2083,404,1.0,691.34,180,Online
1965,5/4/2025,1077,2010,401,2.0,186.82,140,Debit
1966,5/4/2025,1099,2092,402,2.0,1157.3,100,Online
1967,5/4/2025,1054,2011,403,2.0,327.79,150,Cash
1968,5/4/2025,1193,2081,402,0.0,2238.66,0,Credit
1969,5/4/2025,1007,2069,403,1.0,836.6,170,Cash
1970,5/4/2025,1198,2038,404,0.0,1853.02,30,Credit
1971,5/4/2025,1187,2007,403,2.0,466.71,0,Online
1972,5/4/2025,1160,2064,403,0.0,1176.16,70,Credit
1973,5/4/2025,1012,2096,401,3.0,672.18,70,Online
1974,5/4/2025,1076,2073,401,3.0,499.43,130,Debit
1975,5/4/2025,1086,2030,402,2.0,407.93,50,Cash
1976,5/4/2025,1076,2036,402,3.0,217.98,70,Cash
1977,5/4/2025,1133,2094,402,0.0,1973.4,160,Cash
1978,5/4/2025,1083,2066,402,2.0,1238.54,0,Debit
1979,5/4/2025,1116,2012,402,3.0,0,130,Credit
1980,5/4/2025,1105,2010,401,0.0,155.68,170,Cash
1981,5/4/2025,1108,2016,404,1.0,872.15,20,Online
1982,5/4/2025,1114,2009,403,3.0,198.93,10,Credit
1983,5/4/2025,1150,2071,404,2.0,492.13,80,Cash
1984,5/4/2025,1149,2063,404,3.0,2762.3,160,Credit
1985,5/4/2025,1176,2062,404,1.0,557.42,0,Cash
1986,5/4/2025,1036,2064,402,3.0,294.04,60,Cash
1987,5/4/2025,1182,2058,402,0.0,0,140,Credit
1988,5/4/2025,1177,2027,404,3.0,1034.44,160,Debit
1989,5/4/2025,1008,2095,402,2.0,0,80,Credit
1990,5/4/2025,1030,2077,404,0.0,1123.66,30,Debit
1991,5/4/2025,1030,2047,403,0.0,334.98,120,Online
1992,5/4/2025,1133,2019,401,2.0,747.14,130,Cash
1993,5/4/2025,1078,2047,403,2.0,535.97,40,Cash
1994,5/4/2025,1124,2003,402,1.0,1386.65,190,Cash
1995,5/4/2025,1005,2075,404,0.0,3122.56,160,Credit
1996,5/4/2025,1078,2036,402,1.0,588.55,100,Debit
1997,5/4/2025,1189,2062,401,0.0,2477.44,140,Credit
1998,5/4/2025,1140,2044,401,0.0,207.58,20,Cash
1999,5/4/2025,1106,2061,403,3.0,599.76,170,Cash
2000,5/4/2025,1086,2048,404,1.0,321.87,150,Cash
6,5/4/2025,1089,2028,401,0.0,1275.88,90,Credit
